registro_id,campanas_marketing,estacionalidad,tasa_interes_ofertada,indice_competencia,indice_macroeconomico,depositos_historicos_promedio,nuevos_clientes_mes,usuarios_activos_app,ingresos_mensuales_depositos
R0001,1,Mayo,2.07,4.7,76.5,482487,362,25846,62899.76
R0002,17,Junio,3.72,1.5,78.1,304105,2784,46985,78979.9
R0003,5,Enero,7.39,8.0,122.7,207968,622,1432,45887.04
R0004,14,Febrero,7.39,1.8,78.5,424225,223,20123,68775.9
R0005,18,Agosto,3.22,8.5,116.1,190073,4323,32651,76252.14
R0006,19,Noviembre,4.93,8.3,88.9,218791,4250,29467,82648.38
R0007,20,Noviembre,5.38,8.5,101.2,229936,3118,34427,70065.98
R0008,20,Marzo,6.22,1.7,99.2,147304,1443,22948,57642.72
R0009,17,Julio,7.25,7.5,93.3,418283,2803,2068,77850.04
R0010,18,Febrero,6.91,4.3,123.8,130129,3373,35864,80145.52
R0011,1,Noviembre,3.37,5.5,115.9,387642,1961,36662,76997.96
R0012,5,Marzo,7.95,5.0,115.1,33136,133,9829,35011.58
R0013,6,Enero,3.17,4.2,86.3,237681,3493,1023,58666.38
R0014,19,Febrero,4.82,7.4,75.0,480537,120,36114,68667.16
R0015,2,Septiembre,6.01,4.6,129.1,147646,3920,3164,71911.88
R0016,10,Julio,3.76,6.8,128.2,473407,3482,5210,84542.56
R0017,11,Noviembre,3.03,1.7,122.7,39967,4299,26376,71046.16
R0018,9,Marzo,7.44,8.0,87.5,448134,3238,25149,86913.42
R0019,17,Junio,4.86,6.7,118.1,212504,3590,5066,66948.12
R0020,14,Noviembre,1.63,5.0,114.3,387558,3745,20910,85915.64
R0021,0,Marzo,4.89,8.8,100.9,82022,2864,33776,51072.56
R0022,17,Diciembre,3.9,9.0,90.4,152475,4197,16940,65004.0
R0023,10,Mayo,4.09,9.4,74.8,113334,4188,14074,54331.92
R0024,6,Mayo,5.17,1.8,89.0,188857,4592,36237,80127.66
R0025,17,Marzo,6.61,5.4,113.8,417347,281,17833,71478.66
R0026,15,Junio,4.07,3.0,100.1,76115,98,40400,44961.2
R0027,15,Junio,6.02,2.1,73.1,461751,3824,24713,98726.98
R0028,10,Junio,2.91,5.0,118.7,110909,1530,26059,43435.42
R0029,13,Julio,4.75,8.5,80.5,303092,3133,25151,68499.66
R0030,9,Febrero,7.4,5.5,106.3,38789,3167,4381,58829.42
R0031,12,Mayo,2.2,6.2,127.8,180233,2037,43391,63984.94
R0032,8,Agosto,5.16,4.1,126.9,248805,4154,38680,87891.4
R0033,10,Enero,2.68,1.2,109.6,394702,1130,32281,73703.46
R0034,1,Agosto,7.99,2.3,122.2,477419,1859,40170,88328.52
R0035,14,Septiembre,7.35,9.0,116.5,161367,4802,1913,76562.26
R0036,12,Abril,5.97,1.6,85.2,98091,3458,24437,67654.38
R0037,1,Octubre,1.58,7.1,81.9,151269,4348,11874,62102.72
R0038,6,Mayo,4.75,8.9,83.4,286724,804,7765,47780.42
R0039,19,Septiembre,5.12,8.3,101.2,493463,605,42647,78839.14
R0040,13,Agosto,2.22,6.1,115.7,238595,4287,24361,75071.9
R0041,15,Marzo,2.76,2.9,84.5,29690,2052,14642,36214.8
R0042,12,Enero,1.57,6.9,102.8,31937,2069,48891,49243.26
R0043,9,Marzo,3.48,3.5,108.6,180296,1786,34783,53667.58
R0044,11,Marzo,4.53,4.7,100.6,492373,3610,26603,100118.74
R0045,6,Julio,2.0,9.1,122.1,160358,1190,32171,42131.94
R0046,4,Febrero,4.49,8.8,103.1,19134,3695,35135,57708.22
R0047,9,Junio,2.89,9.4,76.3,445002,827,39851,64521.46
R0048,2,Noviembre,2.84,4.5,95.1,469450,3942,10212,81116.6
R0049,5,Febrero,3.65,1.9,83.1,235551,1695,44339,63797.78
R0050,1,Enero,2.49,5.2,75.4,360407,387,24523,51625.46
R0051,6,Abril,3.03,4.9,110.3,56872,128,20115,28731.26
R0052,12,Junio,6.61,8.3,73.5,43870,953,17362,33969.2
R0053,7,Marzo,5.12,1.0,123.1,479059,4499,18253,106725.62
R0054,17,Junio,3.91,2.2,95.0,27417,4986,19961,69949.66
R0055,10,Diciembre,6.97,8.2,100.4,11519,2459,6235,45019.02
R0056,5,Octubre,3.62,8.7,114.0,400896,4424,14023,88564.58
R0057,20,Noviembre,1.96,2.8,91.5,417906,3989,19566,92819.28
R0058,17,Marzo,4.02,3.3,71.9,489068,1371,13627,72973.54
R0059,5,Febrero,2.39,7.4,76.1,73572,652,24665,23935.26
R0060,8,Junio,2.35,4.7,107.3,282325,4586,8823,81500.9
R0061,3,Junio,3.36,8.2,122.0,354953,2576,29803,72492.14
R0062,0,Febrero,6.95,6.6,125.9,241181,3230,24512,73439.08
R0063,4,Julio,1.5,2.9,124.9,433453,3467,9496,78292.04
R0064,5,Septiembre,3.23,2.5,123.0,444145,2553,5254,72995.8
R0065,3,Octubre,4.06,6.1,108.3,295001,1590,21337,59607.18
R0066,19,Septiembre,6.6,4.0,71.4,86161,2574,19670,54059.88
R0067,13,Abril,4.73,4.8,122.0,429763,1311,12151,67333.34
R0068,17,Abril,7.33,1.6,104.7,109520,3332,38312,77910.2
R0069,17,Junio,1.98,8.5,83.0,240329,400,36057,45169.42
R0070,0,Abril,5.89,2.4,108.6,61700,465,27986,41746.8
R0071,19,Julio,3.67,2.6,109.5,234728,901,6721,46390.54
R0072,6,Marzo,5.77,6.8,116.9,356724,4831,20789,95552.62
R0073,16,Julio,6.09,3.6,120.7,289713,4384,44307,102473.14
R0074,2,Enero,7.29,6.4,78.6,407877,4939,44506,108907.96
R0075,3,Agosto,7.42,3.2,117.9,299001,3977,2930,83718.08
R0076,9,Agosto,3.93,7.7,120.0,410343,4659,39436,100812.24
R0077,6,Marzo,1.76,1.5,75.8,430597,3101,28615,78457.26
R0078,3,Noviembre,5.52,3.1,93.0,81196,4199,45540,70054.68
R0079,15,Septiembre,6.41,8.9,117.7,270849,2796,21663,78623.82
R0080,20,Julio,6.61,9.1,108.9,150204,2817,45308,74618.72
R0081,5,Abril,2.16,7.4,73.2,280413,1227,25183,44208.94
R0082,4,Marzo,6.75,2.5,111.2,400255,1514,37579,79230.1
R0083,16,Noviembre,2.69,9.8,100.0,12747,3905,11208,49137.16
R0084,11,Noviembre,4.78,4.9,74.0,401399,3919,26972,88578.52
R0085,1,Noviembre,4.29,4.7,75.3,181606,3682,31398,62358.88
R0086,3,Enero,6.14,4.2,89.2,134945,4541,46543,84861.5
R0087,15,Diciembre,6.5,6.3,90.5,132453,317,13101,36037.54
R0088,20,Agosto,2.82,7.1,98.1,345207,166,23818,50015.96
R0089,8,Junio,5.04,7.1,90.8,426827,434,8739,61385.86
R0090,4,Septiembre,1.57,5.4,95.2,379242,4142,5201,74592.66
R0091,5,Junio,2.99,7.3,114.2,71323,3293,5800,49898.84
R0092,16,Julio,2.17,3.3,111.5,203036,1482,13453,47460.78
R0093,2,Julio,6.82,6.9,96.9,392935,3628,30319,84789.5
R0094,13,Enero,2.11,3.7,100.5,207354,2772,25102,63532.92
R0095,2,Junio,5.44,2.1,96.7,272189,2682,3160,62957.12
R0096,9,Junio,6.07,2.4,106.3,199109,1904,36021,61783.02
R0097,19,Agosto,6.95,2.9,84.4,259490,4622,15525,87864.7
R0098,5,Abril,4.51,8.1,98.6,244318,3844,18673,73578.34
R0099,9,Febrero,5.73,8.8,129.0,485251,2688,26085,94310.58
R0100,18,Octubre,4.95,3.1,73.4,374989,3459,34373,90307.02
R0101,19,Mayo,5.45,8.0,80.5,282772,1995,46712,73051.36
R0102,2,Octubre,4.01,1.6,97.9,341703,1154,12025,59161.74
R0103,18,Marzo,2.41,9.7,88.3,90993,1363,30765,39450.94
R0104,19,Abril,5.49,2.8,81.5,321471,452,21256,56304.48
R0105,19,Agosto,1.67,2.4,90.0,359076,1371,22350,58922.08
R0106,3,Abril,1.77,2.9,80.5,252132,3614,12274,60878.76
R0107,17,Septiembre,1.83,6.9,109.3,227291,1326,16565,49617.78
R0108,5,Agosto,6.47,6.2,114.3,21820,4043,21376,64871.4
R0109,13,Diciembre,5.41,9.2,78.6,129971,2502,49759,63546.38
R0110,16,Marzo,7.93,6.3,126.6,113463,1351,35696,57412.84
R0111,7,Agosto,7.33,2.1,88.2,102912,183,33692,45500.56
R0112,7,Septiembre,5.65,3.1,107.2,492136,688,18580,72182.88
R0113,17,Mayo,3.23,9.7,107.0,109686,122,44264,35627.08
R0114,13,Septiembre,3.47,5.4,81.1,179448,4184,5721,67136.14
R0115,17,Mayo,2.12,5.1,71.5,148970,2787,9339,52317.3
R0116,14,Mayo,2.26,5.5,129.5,205426,1069,16124,49953.28
R0117,8,Mayo,5.23,1.8,70.6,384171,2890,25522,82512.28
R0118,14,Julio,2.48,3.2,108.9,184241,1745,48259,64391.98
R0119,4,Noviembre,5.06,7.6,95.7,207970,1368,17932,53621.2
R0120,11,Julio,4.97,4.9,109.1,380591,1942,32115,75668.78
R0121,19,Abril,2.51,6.4,96.7,383952,2674,47613,77845.06
R0122,20,Agosto,3.69,9.8,73.2,21981,2175,9734,35081.68
R0123,5,Agosto,2.68,7.9,124.8,136853,4397,9211,62242.54
R0124,20,Mayo,6.59,5.9,73.4,305323,3485,18016,79575.64
R0125,4,Febrero,3.01,7.9,130.0,168427,805,25014,41657.36
R0126,13,Mayo,7.61,5.1,114.6,334609,379,4629,57237.42
R0127,4,Agosto,6.5,3.1,101.1,31351,3109,9602,51084.68
R0128,7,Enero,5.98,1.6,100.6,274311,3984,36227,91285.98
R0129,9,Noviembre,7.56,3.9,93.5,339139,1678,34841,73853.42
R0130,6,Enero,5.81,5.7,81.6,463173,2501,19326,83326.64
R0131,9,Marzo,5.0,4.5,77.6,90021,680,25387,36480.78
R0132,11,Febrero,5.51,8.7,112.7,20843,3080,41246,63033.24
R0133,1,Noviembre,5.55,9.6,116.4,187760,920,12225,41745.3
R0134,9,Noviembre,4.18,5.0,107.5,116261,4873,22664,73873.08
R0135,15,Octubre,6.06,7.1,124.7,264575,3073,34380,85290.0
R0136,11,Marzo,4.47,5.7,108.7,85641,3612,49521,66263.58
R0137,11,Julio,5.92,6.8,82.6,23184,1766,43636,46371.52
R0138,5,Octubre,2.33,3.2,78.2,315275,4258,26066,80894.8
R0139,6,Enero,1.92,9.7,105.6,380123,1909,44786,67576.64
R0140,7,Enero,7.11,4.1,82.2,215334,3304,37854,72612.92
R0141,17,Mayo,5.72,4.4,127.2,104962,4769,28748,79766.36
R0142,10,Abril,3.83,7.5,105.0,29612,1566,29667,41138.06
R0143,14,Diciembre,2.21,5.5,107.5,374367,517,27307,54832.46
R0144,5,Diciembre,7.69,2.2,108.8,471618,2143,16862,84648.04
R0145,7,Agosto,1.65,1.6,83.0,182795,4577,10037,65509.7
R0146,15,Diciembre,4.61,9.9,107.3,70274,3513,8138,56720.32
R0147,2,Noviembre,6.33,8.6,109.7,47890,1218,30563,46356.1
R0148,17,Abril,6.84,2.3,83.4,96019,747,18417,44162.62
R0149,3,Abril,3.03,7.1,92.4,200220,996,16667,44729.7
R0150,9,Enero,6.72,7.3,112.5,51346,4310,43697,77893.78
R0151,12,Abril,3.89,4.0,98.0,334117,1764,37418,73185.76
R0152,15,Enero,1.98,7.9,120.2,62863,3929,26608,58877.44
R0153,16,Diciembre,4.94,7.6,125.1,390136,1718,23739,72161.58
R0154,4,Diciembre,7.07,6.1,107.4,313622,2528,18022,69095.36
R0155,14,Enero,7.12,3.5,100.1,147277,3416,44629,80963.86
R0156,10,Febrero,2.32,7.0,117.0,335810,4449,39982,90335.4
R0157,17,Diciembre,5.15,3.9,99.9,347009,4762,19929,92385.42
R0158,6,Abril,6.59,5.1,74.3,257041,2082,30196,66459.08
R0159,7,Diciembre,4.03,3.9,115.5,289722,2352,44834,79592.96
R0160,18,Septiembre,6.27,7.5,76.5,368081,1093,10096,63806.28
R0161,13,Marzo,7.78,9.9,113.4,73647,2295,10180,50298.76
R0162,2,Febrero,5.48,8.5,126.0,187140,1171,21701,52543.5
R0163,9,Febrero,3.11,9.8,104.0,38307,4346,26777,60410.66
R0164,13,Noviembre,1.73,8.8,83.4,252073,4485,15111,73278.14
R0165,2,Abril,2.92,7.1,100.7,368876,2512,9613,65496.98
R0166,5,Mayo,2.03,4.2,84.1,392578,3727,11407,71827.34
R0167,9,Septiembre,5.51,8.7,83.3,238503,1451,20410,53000.24
R0168,9,Enero,6.22,3.1,128.3,241796,1898,1007,57153.78
R0169,11,Mayo,6.97,2.3,129.2,478238,4755,5210,105220.04
R0170,14,Marzo,1.64,6.0,77.4,103361,4584,36904,71304.08
R0171,16,Enero,1.88,1.8,97.9,261205,4364,34541,84918.7
R0172,5,Diciembre,4.24,5.4,71.5,373414,2161,14927,66607.22
R0173,19,Noviembre,3.73,5.5,71.1,105289,1469,14111,40342.42
R0174,5,Agosto,1.62,8.6,88.8,270592,4450,31140,75024.36
R0175,4,Febrero,6.5,8.2,98.3,180558,669,14415,43957.14
R0176,0,Abril,3.43,9.6,109.6,28630,4945,32319,66591.1
R0177,7,Abril,7.06,2.1,103.1,207434,2883,7800,65474.72
R0178,6,Enero,2.93,8.0,108.5,434201,4399,49717,97334.18
R0179,5,Mayo,4.18,7.8,114.8,108104,4838,7753,61851.22
R0180,9,Septiembre,3.19,7.0,70.9,359609,3261,27665,79171.22
R0181,11,Octubre,3.52,5.2,115.9,269219,3227,10996,67972.32
R0182,2,Julio,5.87,4.3,124.1,38194,93,27647,32886.62
R0183,19,Noviembre,7.53,1.9,88.6,201914,4876,18423,92650.02
R0184,5,Mayo,4.98,5.7,129.9,297895,373,20742,54557.2
R0185,9,Julio,1.69,1.6,73.6,392278,748,18021,51959.54
R0186,17,Abril,1.78,9.7,129.7,276381,3815,34975,75082.98
R0187,4,Mayo,3.22,4.0,94.9,337272,1527,37589,63977.46
R0188,6,Octubre,4.48,4.7,71.2,493385,2264,28227,84050.9
R0189,1,Junio,3.35,7.4,81.8,80476,3045,46479,56488.78
R0190,11,Junio,7.12,9.9,122.2,394537,433,8592,65498.56
R0191,5,Junio,3.15,5.6,90.1,359572,2097,31964,68621.96
R0192,17,Septiembre,7.21,3.0,125.0,370434,4089,41219,105538.42
R0193,13,Diciembre,3.81,5.4,121.2,317404,879,25840,65132.32
R0194,4,Septiembre,7.14,9.6,124.8,45993,2294,19813,47013.34
R0195,3,Marzo,7.74,4.2,127.7,339217,3009,47167,88545.46
R0196,20,Noviembre,7.05,4.2,96.2,495238,3586,4583,98182.94
R0197,5,Septiembre,7.42,3.2,129.5,284214,1360,12767,61111.22
R0198,20,Diciembre,1.53,9.6,129.3,418121,1023,17098,63854.08
R0199,1,Septiembre,6.24,9.1,98.7,209832,2875,13065,60934.06
R0200,1,Marzo,4.29,3.1,101.1,436260,2283,41048,79475.2
R0201,20,Septiembre,1.94,6.0,106.9,193858,1314,45421,58960.94
R0202,16,Julio,4.45,1.5,73.9,97135,196,26513,35222.7
R0203,6,Septiembre,6.43,8.3,123.0,325046,496,27266,62849.48
R0204,17,Agosto,4.65,9.8,78.0,264707,1971,8267,59356.66
R0205,13,Junio,4.76,4.4,91.1,195570,889,42980,51329.6
R0206,12,Diciembre,2.04,5.7,102.3,176214,4066,38066,69249.92
R0207,17,Junio,7.34,2.7,94.4,388231,3128,48972,100057.08
R0208,16,Mayo,3.51,7.9,124.9,277023,4013,15788,83249.24
R0209,15,Junio,5.79,1.7,88.9,116175,672,14882,46828.6
R0210,10,Octubre,7.55,10.0,125.7,233913,358,32296,53461.84
R0211,14,Junio,1.9,5.1,88.5,218617,4281,9915,69025.86
R0212,5,Mayo,5.63,2.2,121.5,401847,1296,38187,74557.86
R0213,11,Junio,4.85,2.7,106.9,454099,4090,21253,96323.82
R0214,17,Febrero,3.4,3.3,115.7,206802,2277,38892,64168.76
R0215,3,Febrero,2.95,5.2,117.9,438165,1939,9426,71177.0
R0216,20,Noviembre,5.52,9.2,89.2,71694,2424,4541,40880.82
R0217,17,Abril,2.62,7.0,103.6,388939,3106,24337,84234.22
R0218,10,Julio,5.56,3.4,74.1,419613,3518,20427,82676.14
R0219,6,Noviembre,6.71,4.8,90.4,207637,1130,10151,47558.26
R0220,19,Junio,3.51,9.8,94.8,286948,2137,37430,70764.84
R0221,20,Septiembre,7.45,3.3,92.0,472858,4397,16836,101058.44
R0222,11,Noviembre,1.62,8.2,97.4,88170,299,5418,19736.0
R0223,6,Abril,6.15,2.4,118.5,402580,1953,36113,87044.3
R0224,1,Enero,5.41,5.7,77.8,362235,962,26823,64751.7
R0225,7,Octubre,2.79,2.7,72.2,48899,3944,42780,62902.92
R0226,7,Diciembre,6.02,7.0,115.3,444640,3462,25027,92802.3
R0227,19,Enero,1.89,1.2,122.8,487262,2329,37888,94825.36
R0228,15,Mayo,1.73,5.3,105.9,288868,2733,45999,75893.14
R0229,0,Junio,3.86,5.1,103.1,452477,1083,3027,63231.26
R0230,0,Marzo,7.81,5.0,98.6,351219,3785,42555,96936.02
R0231,5,Julio,5.61,4.5,123.1,201930,3938,35973,82360.3
R0232,10,Junio,6.15,3.6,101.7,179978,4515,21902,83898.84
R0233,8,Noviembre,3.98,2.8,103.8,321772,291,49217,60528.86
R0234,10,Febrero,6.56,8.1,112.5,453746,719,20566,70638.48
R0235,18,Febrero,3.2,9.8,79.5,291431,2341,24482,57401.08
R0236,15,Mayo,7.9,6.0,127.9,85909,3400,49205,73867.22
R0237,1,Diciembre,7.32,4.7,75.2,336792,2282,11655,65057.86
R0238,18,Abril,7.98,5.3,111.7,419245,193,1164,66739.8
R0239,19,Junio,4.68,2.0,96.8,122832,2707,16734,60268.76
R0240,2,Noviembre,7.57,6.4,96.1,397131,1926,18289,71735.18
R0241,3,Junio,4.77,3.4,106.1,158832,1901,21832,50555.16
R0242,4,Agosto,6.04,9.5,78.7,39558,4831,27327,60969.74
R0243,15,Febrero,5.69,7.7,84.8,257039,3124,5825,62271.62
R0244,6,Octubre,3.4,4.6,102.9,209936,3822,32854,78490.08
R0245,15,Abril,4.27,8.0,113.2,238578,3967,5867,73445.34
R0246,15,Mayo,2.93,7.4,108.5,255681,4303,33499,81692.18
R0247,0,Agosto,4.95,5.6,99.3,307465,950,22858,57141.6
R0248,2,Octubre,3.2,1.5,110.5,67954,2580,17006,47964.12
R0249,17,Febrero,2.45,9.3,73.3,418636,1715,49076,75463.68
R0250,20,Febrero,4.49,8.8,119.1,494972,3080,29886,92260.56
R0251,2,Febrero,3.02,7.5,114.2,399302,1447,1347,57726.26
R0252,3,Abril,3.54,3.6,129.4,58843,931,15099,41692.14
R0253,10,Diciembre,4.07,6.5,129.4,114380,722,20391,38720.7
R0254,7,Octubre,2.98,1.7,108.2,31908,3514,25601,59204.94
R0255,4,Julio,3.37,4.6,90.4,117894,4090,13111,63319.82
R0256,8,Julio,6.45,9.8,73.5,462601,3099,44959,95562.78
R0257,8,Mayo,4.08,9.6,124.9,138949,1008,26411,40455.22
R0258,4,Septiembre,3.12,5.3,105.4,262984,2836,18241,67890.02
R0259,8,Abril,7.36,5.0,120.1,258065,4839,43030,95137.2
R0260,8,Octubre,6.96,2.1,104.4,128684,4359,40031,81614.02
R0261,1,Octubre,6.44,9.4,83.8,231126,658,48712,56564.68
R0262,0,Octubre,6.74,5.8,113.2,181544,1190,44673,58304.42
R0263,17,Enero,6.17,4.2,89.4,10487,3429,17805,56277.46
R0264,11,Abril,4.73,6.2,86.6,331997,1229,10340,55975.76
R0265,3,Febrero,4.27,7.3,121.5,298475,2619,11828,65310.4
R0266,18,Abril,5.66,7.5,106.5,399814,162,38925,62382.62
R0267,20,Abril,6.97,4.8,90.8,90837,3672,5947,63404.06
R0268,4,Septiembre,6.01,9.8,102.8,180044,3418,47609,72354.22
R0269,13,Noviembre,6.44,9.5,84.8,342899,898,1628,53731.32
R0270,16,Febrero,1.9,5.3,85.2,17259,567,41835,28816.22
R0271,20,Marzo,5.8,4.6,79.7,469541,3329,18626,96560.08
R0272,5,Septiembre,3.85,3.9,102.3,425506,144,43859,63355.18
R0273,11,Enero,7.13,8.1,121.7,444215,2425,9565,78353.7
R0274,12,Junio,2.88,2.2,82.4,381153,4956,34875,98417.74
R0275,17,Enero,6.22,7.9,126.5,386216,407,29130,64909.28
R0276,15,Enero,2.94,9.2,113.2,300626,1895,7224,57166.28
R0277,14,Mayo,6.57,2.6,105.5,431984,2717,42777,94796.82
R0278,5,Octubre,3.19,9.8,71.3,396190,3847,7182,71671.8
R0279,15,Febrero,1.68,6.7,116.7,285283,2778,29257,68060.74
R0280,5,Septiembre,1.8,2.2,83.3,388674,1344,2520,58976.92
R0281,20,Diciembre,2.35,3.0,105.1,133227,2073,41693,55739.06
R0282,16,Noviembre,3.39,1.3,128.2,375838,975,40755,74465.54
R0283,0,Marzo,3.23,2.5,83.5,245119,3501,32511,69945.82
R0284,17,Noviembre,2.13,5.3,92.2,313356,3197,8102,64242.08
R0285,8,Diciembre,4.83,8.1,112.8,13928,3406,12905,49625.74
R0286,7,Octubre,2.52,5.5,117.5,225057,4901,47477,87812.66
R0287,11,Febrero,2.28,4.0,75.9,479075,2407,21955,75062.5
R0288,4,Octubre,7.64,8.1,110.2,418141,2384,30264,82291.48
R0289,13,Septiembre,1.65,5.0,113.2,295289,3303,32512,72200.72
R0290,14,Enero,4.42,9.4,77.4,221736,522,37781,46761.18
R0291,2,Abril,4.79,2.3,105.4,258146,1128,37957,64742.78
R0292,19,Noviembre,4.15,2.2,89.2,362034,1995,28005,78060.22
R0293,9,Octubre,5.22,2.2,80.5,117080,1798,10925,43124.9
R0294,2,Enero,4.41,9.4,100.2,224340,1829,41368,61939.6
R0295,6,Septiembre,4.22,10.0,112.6,35247,294,5977,23651.86
R0296,11,Diciembre,4.74,2.4,116.9,449902,1552,26230,75782.16
R0297,17,Junio,2.74,6.0,126.6,221997,2874,25564,73327.96
R0298,0,Febrero,4.87,5.5,126.4,443955,2003,25798,79234.8
R0299,9,Marzo,4.08,8.8,125.4,373272,1782,21456,68952.56
R0300,9,Junio,6.65,5.9,70.3,27592,356,38357,30900.46
R0301,20,Febrero,6.11,5.7,92.1,313788,1180,35038,64358.44
R0302,4,Junio,7.43,1.4,83.0,401788,1877,39067,82065.14
R0303,14,Enero,5.87,9.8,99.7,43051,1202,27303,37077.98
R0304,19,Octubre,6.77,7.8,120.2,194761,795,35614,60267.08
R0305,8,Julio,2.29,7.8,123.4,221650,1563,10939,51735.7
R0306,13,Septiembre,6.94,1.8,88.3,229801,3196,33057,80189.18
R0307,19,Junio,6.41,3.9,94.2,280560,1966,42743,74062.7
R0308,0,Enero,1.9,9.9,82.0,490823,3337,32286,82855.64
R0309,13,Junio,3.24,7.7,102.0,12248,4995,16383,59232.74
R0310,19,Marzo,2.31,5.0,118.0,12529,314,10920,26339.32
R0311,17,Julio,5.75,1.8,112.7,437698,4586,33809,113463.54
R0312,11,Agosto,2.27,8.6,116.8,226238,3450,18670,69532.04
R0313,20,Septiembre,7.38,1.4,107.6,384382,1658,33449,80041.26
R0314,16,Noviembre,3.92,3.5,94.5,58750,3516,23301,56461.3
R0315,4,Agosto,6.49,9.4,109.9,18113,2540,31167,50512.14
R0316,15,Octubre,5.9,8.9,110.8,386719,4289,46008,98256.92
R0317,20,Febrero,1.68,9.7,91.8,170897,3330,15703,55805.66
R0318,12,Febrero,2.27,3.9,95.7,112654,3668,43096,65433.12
R0319,5,Septiembre,2.55,6.5,129.3,21287,4613,46637,68236.06
R0320,2,Diciembre,3.18,9.4,76.9,341655,2441,44864,67771.6
R0321,7,Mayo,5.03,5.9,124.4,164503,92,44469,46481.94
R0322,16,Septiembre,5.91,8.9,83.5,119900,2351,28221,50906.3
R0323,14,Septiembre,3.52,6.0,110.9,20957,4805,22861,65026.86
R0324,12,Diciembre,6.07,1.6,109.8,237259,716,13068,55861.12
R0325,5,Octubre,1.68,1.2,73.1,72713,2261,18536,36934.84
R0326,14,Enero,6.83,5.0,109.2,222561,3163,1999,71124.58
R0327,6,Diciembre,2.09,4.8,120.1,277050,2659,22263,65311.9
R0328,10,Junio,3.45,2.3,118.1,183278,1175,3925,42687.74
R0329,0,Julio,6.24,6.1,70.8,374185,851,27152,55743.4
R0330,13,Marzo,4.97,4.5,98.1,383123,1850,49802,76552.44
R0331,3,Julio,1.6,3.2,94.1,148890,2788,31526,60291.0
R0332,7,Septiembre,4.1,9.1,94.6,252631,4967,41796,91441.28
R0333,14,Enero,2.53,2.6,71.4,248057,878,39115,52609.06
R0334,8,Octubre,5.28,8.5,129.2,366898,1721,8688,65425.24
R0335,20,Febrero,7.18,3.9,81.4,264741,2184,7141,68853.58
R0336,7,Julio,6.52,10.0,76.5,488223,4057,12113,89893.74
R0337,5,Enero,7.26,8.7,121.7,351397,1602,27713,73822.66
R0338,19,Octubre,5.84,7.0,81.5,312324,3181,37093,81088.82
R0339,15,Enero,3.89,5.5,108.0,161127,3860,21882,67642.76
R0340,4,Octubre,1.6,8.9,98.1,459526,2245,19684,72579.28
R0341,14,Enero,7.91,10.0,84.0,45231,1668,18543,41191.38
R0342,11,Julio,5.86,2.4,70.1,384279,2568,35436,82841.12
R0343,4,Enero,3.68,4.7,114.2,474202,2336,33620,81362.16
R0344,5,Noviembre,3.33,7.1,78.3,43560,2995,44299,51826.5
R0345,10,Marzo,2.7,9.6,93.4,175844,775,14920,34897.52
R0346,19,Abril,6.89,3.6,82.5,52448,4172,7898,61702.24
R0347,5,Julio,2.08,9.0,129.2,264055,1415,47356,63194.2
R0348,2,Octubre,6.55,4.8,87.3,375702,4937,30219,93759.86
R0349,17,Agosto,2.76,3.7,85.4,392695,4846,37588,96617.0
R0350,15,Mayo,1.97,9.2,97.7,324620,3724,24183,73146.5
R0351,10,Julio,3.29,7.0,80.3,169860,3483,5718,58943.2
R0352,9,Febrero,6.58,3.5,74.4,172086,407,19593,45128.78
R0353,20,Noviembre,3.03,6.2,89.0,282350,964,11120,54011.0
R0354,7,Marzo,5.98,1.6,113.5,208512,1762,27775,61866.46
R0355,3,Enero,4.27,6.4,80.3,469750,1035,26031,69821.3
R0356,3,Julio,5.75,1.6,95.1,324777,3820,19956,83106.96
R0357,15,Abril,4.56,4.2,102.5,291327,4564,46163,91904.06
R0358,9,Enero,1.61,6.3,108.1,435356,1912,20167,74282.58
R0359,19,Septiembre,3.77,6.2,72.3,353632,4794,18665,91278.06
R0360,13,Enero,4.79,7.4,87.0,425497,4878,30111,95445.06
R0361,17,Enero,4.45,5.4,73.6,322437,671,13467,55565.06
R0362,0,Enero,3.7,4.4,103.0,375088,2327,15423,68321.94
R0363,6,Julio,5.31,5.2,110.7,111181,1245,34312,50412.08
R0364,12,Diciembre,7.97,6.4,115.1,313524,2854,18512,79006.52
R0365,5,Diciembre,3.5,4.4,101.5,261106,457,24764,52269.68
R0366,15,Agosto,1.58,7.4,106.5,234920,461,1974,40392.8
R0367,13,Febrero,7.44,3.2,87.1,119066,3429,3420,58659.28
R0368,2,Abril,3.55,7.0,101.9,261447,4689,43701,85694.06
R0369,6,Junio,4.45,4.4,128.9,415625,2016,25180,83046.0
R0370,18,Septiembre,7.59,7.8,108.5,414055,1533,29686,78504.2
R0371,5,Septiembre,2.59,1.7,70.3,149804,1697,1232,36546.92
R0372,9,Enero,6.59,5.4,73.7,119657,4629,2091,68734.86
R0373,10,Noviembre,1.92,8.4,115.0,15575,4082,35978,57997.4
R0374,2,Febrero,2.78,4.0,102.5,393114,4869,13596,93520.92
R0375,7,Abril,2.85,3.6,125.1,130713,4456,45703,77492.94
R0376,17,Agosto,4.31,6.1,76.1,324032,4188,13529,84235.26
R0377,0,Marzo,4.35,7.5,129.6,495570,3137,16716,90148.4
R0378,2,Febrero,6.17,5.0,102.2,76986,3159,24228,59867.28
R0379,20,Enero,3.41,4.0,75.9,406238,4644,9006,92833.84
R0380,15,Febrero,5.67,7.6,106.6,16185,728,22537,34870.9
R0381,11,Agosto,4.27,8.8,123.6,106321,2630,12048,54546.08
R0382,3,Marzo,3.41,7.8,84.5,246635,1817,28613,54462.7
R0383,3,Mayo,2.91,10.0,98.1,93160,546,38293,36398.7
R0384,5,Mayo,6.46,5.6,122.6,458657,2315,44311,94015.86
R0385,4,Marzo,4.51,4.8,88.2,304600,3121,49226,75838.8
R0386,12,Diciembre,4.69,7.5,103.8,416206,4461,18222,88690.08
R0387,9,Diciembre,2.71,2.3,73.5,188937,1011,9829,45222.66
R0388,8,Marzo,4.57,9.0,114.7,367252,3032,41461,87584.46
R0389,14,Septiembre,6.71,9.7,99.7,58081,409,1492,30208.08
R0390,5,Agosto,6.35,6.5,97.5,62916,3135,17163,58269.18
R0391,10,Julio,4.8,6.2,71.6,371828,4080,41604,90248.44
R0392,16,Junio,6.16,7.2,117.2,43563,4583,21853,70795.94
R0393,20,Octubre,6.72,5.0,128.7,84711,871,35335,57186.38
R0394,9,Mayo,3.81,7.6,124.2,465489,3391,46445,93250.62
R0395,15,Septiembre,3.74,5.4,88.1,214311,873,40454,55726.08
R0396,2,Junio,5.95,2.7,121.3,300074,3690,27265,87449.42
R0397,12,Enero,5.02,5.6,120.7,66129,1222,11289,45829.02
R0398,12,Agosto,4.6,7.4,94.5,293430,848,4504,48871.6
R0399,17,Septiembre,3.05,9.3,89.7,342316,3192,17689,76066.98
R0400,9,Noviembre,4.49,1.1,112.1,206365,3709,6462,66759.8
R0401,9,Julio,4.8,6.9,95.4,131914,4776,22355,68937.62
R0402,12,Octubre,6.32,8.1,104.2,295646,3459,41948,84352.08
R0403,7,Noviembre,7.38,2.4,103.2,77745,2539,5187,52083.7
R0404,4,Enero,4.11,6.6,77.5,134183,923,11134,35825.84
R0405,13,Diciembre,3.11,7.6,79.1,282632,4660,17829,82848.26
R0406,20,Febrero,6.03,6.4,95.0,150747,3393,42348,70933.16
R0407,1,Marzo,7.4,9.2,110.5,351242,4871,40577,102665.46
R0408,9,Octubre,3.11,8.0,75.2,90153,1495,47670,40327.24
R0409,5,Diciembre,7.5,9.1,75.6,411183,852,35452,64982.24
R0410,11,Marzo,4.96,9.0,118.7,197715,235,42455,54043.7
R0411,12,Noviembre,3.66,6.4,94.8,83064,1796,8233,44726.02
R0412,7,Agosto,7.54,2.3,118.8,329844,860,30166,72934.32
R0413,3,Noviembre,2.84,2.3,93.0,301883,3632,16513,75537.54
R0414,12,Diciembre,3.08,5.1,118.1,232377,2083,11044,55977.36
R0415,6,Junio,6.51,2.0,91.2,411536,264,29320,67514.88
R0416,5,Abril,4.52,4.8,103.5,298442,4182,37502,90399.96
R0417,19,Febrero,4.52,3.4,75.7,193164,2217,47569,66288.82
R0418,18,Abril,2.46,1.1,92.5,61228,4349,2774,58447.44
R0419,11,Julio,6.14,6.2,102.0,184764,2733,6218,63899.52
R0420,17,Agosto,7.48,7.7,90.3,361243,319,46775,67143.94
R0421,3,Septiembre,5.21,2.3,118.9,52302,627,21139,39549.86
R0422,19,Diciembre,6.03,1.2,108.1,146888,3072,43554,81663.24
R0423,3,Abril,4.06,2.8,92.5,301558,3994,30214,85756.84
R0424,10,Septiembre,6.7,4.5,121.6,341483,3353,47731,96383.94
R0425,9,Septiembre,3.6,4.3,101.0,252137,1104,2305,44837.46
R0426,6,Agosto,7.93,5.9,92.3,344719,2132,9473,72184.42
R0427,3,Junio,2.12,9.4,112.2,158942,3229,21197,58469.46
R0428,1,Mayo,5.43,2.9,126.5,412429,1647,44541,87280.62
R0429,10,Junio,4.57,8.1,90.3,77729,4761,9011,59209.62
R0430,6,Enero,7.57,7.3,76.2,34864,909,20093,37979.02
R0431,1,Febrero,6.06,1.1,113.9,81593,3639,42909,69617.14
R0432,12,Diciembre,6.68,1.6,72.8,48026,56,36980,40327.08
R0433,10,Mayo,7.94,9.5,76.1,171780,2768,22730,66052.4
R0434,15,Diciembre,5.83,8.2,127.4,362367,3971,48905,95702.86
R0435,0,Noviembre,5.01,3.3,123.3,259810,498,12457,45100.9
R0436,8,Febrero,5.1,2.1,112.3,213335,1828,36780,64538.8
R0437,4,Octubre,7.64,9.9,87.4,63550,1513,37999,51884.7
R0438,13,Enero,7.08,5.9,121.4,392098,2365,39135,93140.34
R0439,14,Diciembre,7.11,10.0,106.5,286768,4779,19737,86386.54
R0440,0,Diciembre,6.57,7.2,107.9,45373,1854,34338,50481.24
R0441,7,Mayo,4.31,3.1,79.8,254984,4891,17788,83284.12
R0442,14,Mayo,6.63,4.5,82.7,192357,2236,42746,72665.36
R0443,18,Noviembre,5.52,4.6,80.7,386638,2426,13341,71377.34
R0444,17,Octubre,1.65,7.9,73.3,477447,4984,45157,97937.86
R0445,0,Diciembre,2.31,3.2,97.5,151777,2233,26910,49595.16
R0446,10,Enero,7.31,8.7,79.3,102414,4359,1221,64464.42
R0447,13,Junio,6.22,3.6,127.2,299733,129,1653,48636.54
R0448,11,Marzo,3.66,2.9,97.5,235881,2601,6098,62554.88
R0449,5,Septiembre,3.84,8.8,118.3,95703,313,26081,37474.54
R0450,12,Febrero,1.95,5.0,115.1,10185,2572,47627,50882.9
R0451,19,Diciembre,7.17,4.3,90.2,298364,3667,13231,80782.42
R0452,12,Mayo,6.89,5.1,91.2,310946,2522,13710,76729.68
R0453,17,Marzo,6.33,3.4,120.0,424668,912,23748,76644.84
R0454,5,Julio,6.22,8.0,84.1,35766,4152,36067,63590.38
R0455,2,Mayo,2.22,1.9,107.5,130066,544,4292,32145.88
R0456,3,Febrero,2.98,8.7,124.1,256322,1721,33762,58717.36
R0457,14,Noviembre,6.34,1.0,122.5,54290,1455,5703,47167.1
R0458,15,Junio,3.74,9.7,70.1,228504,1949,17996,53231.12
R0459,19,Enero,2.8,1.0,85.5,124112,1108,45229,48750.66
R0460,5,Enero,4.03,4.2,123.5,311317,1821,23453,70081.26
R0461,17,Febrero,1.51,1.0,103.3,205288,1202,16436,49563.84
R0462,6,Noviembre,5.89,9.8,102.8,367223,1982,4287,65550.94
R0463,0,Agosto,5.88,6.0,99.4,269205,3250,39577,76378.5
R0464,6,Febrero,5.35,8.3,76.1,58054,2255,21777,44059.42
R0465,8,Octubre,6.54,1.3,75.6,88961,704,4799,36708.58
R0466,12,Agosto,6.31,1.7,105.6,416501,3114,23725,90573.58
R0467,4,Diciembre,1.54,3.0,98.2,163644,2190,18163,50952.42
R0468,7,Julio,1.99,8.5,125.0,343675,248,16306,48758.8
R0469,15,Febrero,5.56,6.4,117.8,91940,931,2674,36512.4
R0470,17,Diciembre,7.36,1.6,87.1,219047,1814,27133,65735.66
R0471,5,Febrero,6.71,9.9,122.2,473430,4146,3549,90768.1
R0472,9,Febrero,6.62,9.4,84.9,283419,1320,3378,48165.92
R0473,19,Febrero,6.98,8.6,87.3,352089,2364,13508,75440.52
R0474,18,Octubre,3.73,2.3,124.1,176551,1568,34154,60362.28
R0475,7,Noviembre,6.48,5.2,78.4,45426,2778,2303,44999.98
R0476,20,Agosto,1.65,3.3,81.1,44591,3314,24285,51198.78
R0477,19,Diciembre,5.76,4.3,122.5,307055,3098,11146,79647.2
R0478,9,Noviembre,2.62,6.0,129.8,410684,2508,44383,86125.62
R0479,11,Agosto,3.35,8.8,90.5,499842,1447,3074,62111.56
R0480,9,Mayo,5.13,9.9,80.6,292313,2279,42289,72373.74
R0481,14,Diciembre,1.55,7.4,114.7,83227,522,30107,34869.26
R0482,10,Julio,2.26,4.5,81.3,59194,2992,5711,41056.82
R0483,16,Abril,5.56,5.6,127.9,412108,2396,15003,82541.54
R0484,9,Junio,3.6,7.8,112.4,250537,1252,25799,57232.66
R0485,8,Agosto,7.78,7.0,83.9,379589,3998,39192,92218.72
R0486,12,Mayo,2.27,1.4,123.9,220312,2508,24397,70798.06
R0487,15,Abril,4.54,6.6,121.3,267616,86,47724,63217.48
R0488,6,Marzo,3.8,7.6,80.2,248463,2120,13666,56041.84
R0489,12,Agosto,4.31,2.3,82.9,141674,1911,24057,55997.02
R0490,4,Marzo,7.72,7.6,126.0,199830,4348,30579,89003.1
R0491,7,Julio,3.52,8.5,110.4,448501,4325,19033,94414.98
R0492,6,Octubre,7.91,7.7,70.2,170617,4447,47958,77918.76
R0493,9,Febrero,4.96,1.3,111.0,29919,1699,6735,39465.02
R0494,18,Mayo,3.97,4.5,98.4,391280,703,36198,72533.8
R0495,13,Abril,2.67,8.0,96.4,233985,1907,32915,62471.3
R0496,16,Junio,6.44,8.3,85.6,394501,764,21519,59865.78
R0497,14,Septiembre,6.83,7.6,89.8,59070,1405,4876,35806.4
R0498,3,Octubre,3.54,9.3,70.6,241043,2236,28675,56356.94
R0499,3,Enero,7.56,6.7,79.5,86857,592,21121,35324.86
R0500,17,Octubre,3.27,5.4,92.2,61054,3184,25040,56590.32
