store_id,year,month,month_index,is_holiday_month,ad_spend,foot_traffic,avg_price,staff_count,store_size_sqft,promo_days,competitors_within_3km,inventory_fill_rate,returns_rate,local_income_index,parking_spaces,store_age_years,monthly_sales
1,2023,1,1,0,,3175,28.26,41,29476,4,1,0.93,0.0422,98.3,263,11,2982.2
2,2023,1,1,0,,3717,19.86,31,21933,4,3,0.952,0.0415,93.7,171,5,1867.48
3,2023,1,1,0,,3747,17.52,44,36259,4,1,0.944,0.0427,97.3,285,8,2141.46
4,2023,1,1,0,,5098,25.16,33,21798,6,2,0.965,0.0398,111.4,174,9,3840.05
5,2023,1,1,0,,6612,21.03,51,45448,2,2,0.96,0.042,114.3,389,9,4233.7
6,2023,1,1,0,23019.76,1000000,23.5,41,31415,2,3,0.945,0.0254,93.5,251,1,4517.63
7,2023,1,1,0,7121.5,3426,17.7,28,20125,4,1,0.921,0.0365,96.3,179,9,1547.81
8,2023,1,1,0,8089.9,3552,22.11,40,31843,3,6,0.923,0.0343,103.6,264,2,2066.45
9,2023,1,1,0,26332.31,5913,18.51,42,32324,4,2,0.938,0.0403,100.2,251,5,3949.88
10,2023,1,1,0,9705.63,3558,20.85,34,29510,2,5,0.973,0.0427,113.9,249,9,2146.56
11,2023,1,1,0,15112.61,3982,25.28,40,28072,4,2,0.923,0.0326,103.1,231,8,3250.8
12,2023,1,1,0,8867.26,4142,21.95,47,39203,2,3,0.964,0.0349,102.1,325,9,4505.92
13,2023,1,1,0,12377.17,3505,19.36,40,29344,2,5,0.942,0.0293,96.9,239,5,2610.24
14,2023,1,1,0,17381,4178,28.02,41,30107,5,0,0.93,0.041,126.3,244,3,4153.23
15,2023,1,1,0,12235.18,3645,18.97,25,15145,2,3,0.928,0.0306,100.8,131,2,2323.96
16,2023,1,1,0,14662.21,3513,16.27,35,23502,2,3,0.957,0.0288,106.7,202,13,2672.15
17,2023,1,1,0,8842.79,3465,22.16,39,29653,1,2,0.93,0.0363,103.6,251,9,2441.5
18,2023,1,1,0,11686.97,3499,26.28,38,28051,2,3,0.938,0.0422,91.4,239,17,2358.17
19,2023,1,1,0,16763.16,4312,21.92,41,28971,2,2,0.93,0.0378,111.3,243,3,3364.44
20,2023,1,1,0,13920.53,4353,22.21,44,34465,3,3,0.949,0.0388,106.5,288,21,2978.77
21,2023,1,1,0,9873.6,3811,23.04,33,24435,3,5,0.986,0.0419,108.6,202,10,2010.88
22,2023,1,1,0,19402.31,4405,25.26,38,30410,3,4,0.937,0.0387,121.2,243,9,4976.23
23,2023,1,1,0,13676.48,4013,19.22,37,32335,3,8,0.959,0.0282,92.8,272,9,2728.97
24,2023,1,1,0,13739.92,3886,18.66,40,25722,3,1,0.949,0.033,93.6,218,1,2236.35
25,2023,1,1,0,16727.28,4050,30.62,30,20992,2,1,0.953,0.0445,108.2,177,4,4223.41
26,2023,1,1,0,10772.07,3738,23.81,36,26106,2,2,0.928,0.0403,105.3,210,13,3529.54
27,2023,1,1,0,14158.01,3664,15.67,31,23660,5,6,0.97,0.0411,96.2,177,9,1968.59
28,2023,1,1,0,13421.99,3958,29.93,34,24338,2,2,0.961,0.0414,122.5,191,7,2698.56
29,2023,1,1,0,8747.05,3832,21.99,37,25101,3,3,0.934,0.032,94.4,237,8,2573.5
30,2023,1,1,0,12270.48,3803,19.37,39,26794,4,6,0.933,0.0326,107.9,208,15,2267.64
31,2023,1,1,0,16679.41,3961,24.35,29,21874,3,5,0.977,0.0369,110.2,173,9,3204
32,2023,1,1,0,10876.55,3635,20.86,23,13486,3,5,0.958,0.0457,85.4,126,4,3044.73
33,2023,1,1,0,10776.32,3919,28.2,40,30773,2,4,0.946,0.0391,96.3,254,9,2531.99
34,2023,1,1,0,9539.51,3484,25.88,39,30368,2,1,0.948,0.0357,107.5,242,7,2960.49
35,2023,1,1,0,4155.86,4329,16.61,36,30296,4,2,0.935,0.0293,116.3,254,5,1357.74
36,2023,1,1,0,7695.81,3748,22.34,33,21350,5,2,0.917,0.0385,116.3,196,1,2425.9
37,2023,1,1,0,7359.97,5563,22.17,44,34897,4,3,0.951,0.0373,109.3,291,10,4557.79
38,2023,1,1,0,7787.2,3615,21.82,36,26683,4,6,0.917,0.0435,90.7,228,8,2780.51
39,2023,1,1,0,9735.87,3391,23.04,27,20121,4,1,0.954,0.0331,92.8,161,1,3690.5
40,2023,1,1,0,5218.11,4150,21.8,39,29999,4,3,0.95,0.0387,111.6,267,11,2583.49
1,2023,2,2,0,12561.01,3878,28.11,39,29476,3,1,0.91,0.0333,98.3,263,11,4077.81
2,2023,2,2,0,12848.83,3733,20.3,32,21933,3,3,0.928,0.0371,93.7,171,5,2061.01
3,2023,2,2,0,14128.69,3890,17.76,47,36259,2,1,0.966,0.0412,97.3,285,8,2794.26
4,2023,2,2,0,5746.3,3425,24.97,31,21798,2,2,0.931,0.0374,111.4,174,9,1730.37
5,2023,2,2,0,9396.15,5600,21.14,52,45448,2,2,0.967,0.0298,114.3,389,9,3908.58
6,2023,2,2,0,14617.71,4097,23.91,42,31415,3,3,0.946,0.0508,93.5,251,1,3673.96
7,2023,2,2,0,19003.36,4080,17.56,33,20125,3,1,0.98,0.0383,96.3,179,9,2152.83
8,2023,2,2,0,15454.03,3992,22.63,38,31843,4,6,0.937,0.0389,103.6,264,2,3013.16
9,2023,2,2,0,12884.01,4900,18.91,43,32324,2,2,0.968,0.0376,100.2,251,5,2805.93
10,2023,2,2,0,11667.89,3994,21.15,39,29510,1,5,0.922,0.0272,113.9,249,9,2730.94
11,2023,2,2,0,11811.63,4025,23.82,38,28072,4,2,0.932,0.0404,103.1,231,8,2817.69
12,2023,2,2,0,10085.59,4268,22.34,48,39203,3,3,0.926,0.0362,102.1,325,9,4188.37
13,2023,2,2,0,21406.57,4501,19.18,36,29344,4,5,0.96,0.038,96.9,239,5,4222.64
14,2023,2,2,0,9757.06,3715,30.16,39,30107,4,0,0.971,0.051,126.3,244,3,3727.68
15,2023,2,2,0,10143.49,3487,18.36,23,15145,3,3,0.929,0.035,100.8,131,2,2011.29
16,2023,2,2,0,22311.6,4404,16.56,33,23502,3,3,0.957,0.0287,106.7,202,13,3544.11
17,2023,2,2,0,12826.17,3783,23.04,44,29653,4,2,0.931,0.0364,103.6,251,9,3158.79
18,2023,2,2,0,9299.42,3535,27.39,36,28051,4,3,0.951,0.0389,91.4,239,17,2546.47
19,2023,2,2,0,13014.65,4549,22.36,42,28971,2,2,0.938,0.0366,111.3,243,3,3510.32
20,2023,2,2,0,15616.44,4122,22.09,42,34465,5,3,0.925,0.0409,106.5,288,21,3382.91
21,2023,2,2,0,9755.8,4267,22.85,36,24435,3,5,0.933,0.035,108.6,202,10,2401.12
22,2023,2,2,0,15762.97,4972,26.64,39,30410,5,4,0.962,0.0474,121.2,243,9,5101.84
23,2023,2,2,0,18385.76,4430,19.43,43,32335,5,8,0.943,0.0457,92.8,272,9,2795.6
24,2023,2,2,0,13906.77,3939,18.44,38,25722,3,1,0.945,0.0284,93.6,218,1,2514.51
25,2023,2,2,0,15535.07,4204,30.39,31,20992,5,1,0.972,0.0447,108.2,177,4,4518.22
26,2023,2,2,0,15303.25,4201,23.81,36,26106,3,2,0.923,0.0386,105.3,210,13,3596.69
27,2023,2,2,0,19354.51,4479,15.74,34,23660,2,6,0.945,0.0291,96.2,177,9,2874.94
28,2023,2,2,0,6724.12,3311,28.78,33,24338,1,2,0.962,0.0376,122.5,191,7,1862.14
29,2023,2,2,0,7190.67,3886,21.47,34,25101,4,3,0.921,0.0311,94.4,237,8,2371.62
30,2023,2,2,0,11783.17,3536,19.95,37,26794,3,6,0.973,0.0356,107.9,208,15,2642.9
31,2023,2,2,0,13763.18,4094,25.27,32,21874,4,5,0.969,0.0416,110.2,173,9,3821.29
32,2023,2,2,0,11576.91,3893,21.75,27,13486,5,5,0.911,0.0415,85.4,126,4,2989.75
33,2023,2,2,0,16796.39,4333,26.58,36,30773,3,4,0.896,0.0314,96.3,254,9,3096.66
34,2023,2,2,0,16431.94,4229,25.4,40,30368,4,1,0.919,0.0482,107.5,242,7,3636.02
35,2023,2,2,0,10984.89,4859,16.28,36,30296,3,2,0.93,0.0291,116.3,254,5,1858.71
36,2023,2,2,0,24630.4,4967,21.68,32,21350,4,2,0.96,0.0391,116.3,196,1,3569.18
37,2023,2,2,0,15866.28,6561,22.68,46,34897,4,3,0.931,0.0459,109.3,291,10,5494.66
38,2023,2,2,0,27522.7,4579,22.31,37,26683,3,6,0.934,0.0356,90.7,228,8,4657.22
39,2023,2,2,0,14791.32,4297,23.36,34,20121,3,1,0.953,0.0379,92.8,161,1,4389.43
40,2023,2,2,0,15337.7,5010,21.6,36,29999,2,3,0.959,0.0324,111.6,267,11,3682.43
1,2023,3,3,0,7349.27,3805,28.45,41,29476,1,1,0.939,0.0416,98.3,263,11,3580.13
2,2023,3,3,0,11199.35,4258,20.55,28,21933,4,3,0.97,0.0351,93.7,171,5,2436.28
3,2023,3,3,0,14621.88,4104,17.21,44,36259,3,1,0.967,0.0373,97.3,285,8,2604.96
4,2023,3,3,0,16339.51,3908,25.87,28,21798,0,2,0.928,0.0265,111.4,174,9,2849.62
5,2023,3,3,0,9952.52,6333,21.52,56,45448,3,2,0.918,0.0417,114.3,389,9,3621.75
6,2023,3,3,0,6438.36,3700,25.06,43,31415,2,3,0.939,0.0349,93.5,251,1,3621.14
7,2023,3,3,0,13980.74,4092,17.93,30,20125,4,1,0.938,0.0366,96.3,179,9,2017.34
8,2023,3,3,0,16054.01,4291,22.68,41,31843,3,6,0.904,0.0419,103.6,264,2,3159.56
9,2023,3,3,0,17887.65,5440,19.55,42,32324,0,2,0.929,0.0328,100.2,251,5,3035.26
10,2023,3,3,0,9350.21,4446,20.89,39,29510,5,5,0.95,0.0412,113.9,249,9,2676
11,2023,3,3,0,31383.21,5565,23.91,40,28072,4,2,0.966,0.0431,103.1,231,8,4396.11
12,2023,3,3,0,23064.15,5071,22.37,47,39203,3,3,0.951,0.0388,102.1,325,9,5844.43
13,2023,3,3,0,22882.93,5003,18.7,41,29344,4,5,0.917,0.0403,96.9,239,5,4463.83
14,2023,3,3,0,10653.42,3983,28.74,40,30107,4,0,0.942,0.0369,126.3,244,3,3609.08
15,2023,3,3,0,22707.8,4476,18.5,20,15145,3,3,0.918,0.0435,100.8,131,2,3228.1
16,2023,3,3,0,9112.49,3413,16.56,32,23502,5,3,0.986,0.0313,106.7,202,13,2005.69
17,2023,3,3,0,18064.25,4709,23.54,40,29653,6,2,0.955,0.0476,103.6,251,9,4316.97
18,2023,3,3,0,12510.74,3639,26.23,37,28051,3,3,0.942,0.0342,91.4,239,17,2376.42
19,2023,3,3,0,12895.32,4905,22.09,35,28971,5,2,0.959,0.0361,111.3,243,3,3529.15
20,2023,3,3,0,14953.23,4186,22.22,41,34465,2,3,0.952,0.0271,106.5,288,21,3128.74
21,2023,3,3,0,11906.11,4192,22.96,37,24435,4,5,0.933,0.0401,108.6,202,10,2405.85
22,2023,3,3,0,12236.84,4266,25.96,39,30410,3,4,0.979,0.0328,121.2,243,9,3899.12
23,2023,3,3,0,9002.87,3809,18.8,44,32335,4,8,0.948,0.0332,92.8,272,9,2496.33
24,2023,3,3,0,7462.33,3620,18.66,36,25722,3,1,0.941,0.0356,93.6,218,1,1923.61
25,2023,3,3,0,17645.1,4525,30.24,28,20992,6,1,0.99,0.0431,108.2,177,4,5336.5
26,2023,3,3,0,23476.2,4584,24.29,39,26106,3,2,0.94,0.0352,105.3,210,13,4222.01
27,2023,3,3,0,9255.29,3740,15.93,32,23660,2,6,0.915,0.0336,96.2,177,9,1894.31
28,2023,3,3,0,5405.48,3998,29.23,31,24338,3,2,0.952,0.0371,122.5,191,7,2225.25
29,2023,3,3,0,15002.81,4169,21.42,33,25101,3,3,0.916,0.0362,94.4,237,8,2829.05
30,2023,3,3,0,8941.42,3610,20.49,38,26794,4,6,0.936,0.0443,107.9,208,15,2418.97
31,2023,3,3,0,30345.2,5241,25.09,31,21874,4,5,0.939,0.0441,110.2,173,9,5600.42
32,2023,3,3,0,8762.76,3464,21.24,24,13486,2,5,0.903,0.0366,85.4,126,4,3127.1
33,2023,3,3,0,11970.89,4566,26.86,40,30773,4,4,0.936,0.0428,96.3,254,9,2898.84
34,2023,3,3,0,9185.91,4031,25.81,38,30368,4,1,0.924,0.041,107.5,242,7,2989.51
35,2023,3,3,0,18527.66,6275,16.2,41,30296,4,2,0.953,0.0362,116.3,254,5,2412.35
36,2023,3,3,0,7837.04,3688,21.66,30,21350,3,2,0.955,0.0365,116.3,196,1,2335.81
37,2023,3,3,0,12313.5,5451,21.86,44,34897,1,3,0.96,0.0406,109.3,291,10,4692
38,2023,3,3,0,11017.99,3903,21.62,36,26683,5,6,0.934,0.0389,90.7,228,8,3190.3
39,2023,3,3,0,12796.05,4183,23.57,32,20121,3,1,0.914,0.025,92.8,161,1,4480.55
40,2023,3,3,0,6945.93,4668,21.2,36,29999,3,3,0.959,0.0337,111.6,267,11,2196.36
1,2023,4,4,0,9644.7,3866,27.48,39,29476,3,1,0.956,0.0403,98.3,263,11,3390.84
2,2023,4,4,0,19366.32,4400,20.28,30,21933,3,3,0.926,0.0353,93.7,171,5,3149.11
3,2023,4,4,0,6931.98,3435,17.91,45,36259,1,1,0.969,0.0279,97.3,285,8,2315.57
4,2023,4,4,0,15737.98,4422,26.38,30,21798,3,2,0.95,0.0457,111.4,174,9,3182.45
5,2023,4,4,0,12154.61,7205,21.74,54,45448,2,2,0.949,0.033,114.3,389,9,4410.35
6,2023,4,4,0,7001.02,3676,24.91,40,31415,2,3,0.957,0.0424,93.5,251,1,3294.33
7,2023,4,4,0,17873.62,4332,17.07,33,20125,3,1,0.939,0.0412,96.3,179,9,2311.32
8,2023,4,4,0,14400.48,4424,22.06,43,31843,5,6,0.945,0.0487,103.6,264,2,3113.39
9,2023,4,4,0,14883.08,5143,18.63,40,32324,4,2,0.903,0.0476,100.2,251,5,2648.19
10,2023,4,4,0,10983.62,4488,21.1,41,29510,3,5,0.932,0.0357,113.9,249,9,2796.55
11,2023,4,4,0,10863.74,4233,24.04,39,28072,5,2,0.963,0.0429,103.1,231,8,2734.52
12,2023,4,4,0,14080.37,4832,22,50,39203,3,3,0.944,0.0385,102.1,325,9,5554.38
13,2023,4,4,0,13213.09,4496,19,35,29344,6,5,0.946,0.048,96.9,239,5,3643.45
14,2023,4,4,0,11353.48,3876,28.71,38,30107,2,0,0.958,0.0467,126.3,244,3,4036.38
15,2023,4,4,0,7437.64,3701,19.32,23,15145,3,3,0.944,0.0317,100.8,131,2,2112.24
16,2023,4,4,0,11433.27,4129,15.95,32,23502,3,3,0.937,0.0426,106.7,202,13,2594.58
17,2023,4,4,0,13128.44,3854,22.26,36,29653,4,2,0.967,0.0364,103.6,251,9,3818.07
18,2023,4,4,0,9575.5,4263,27.45,42,28051,3,3,0.968,0.0448,91.4,239,17,2992.22
19,2023,4,4,0,16383.11,5308,21.34,38,28971,3,2,0.935,0.0401,111.3,243,3,4154.25
20,2023,4,4,0,12431.95,4315,21.66,44,34465,5,3,0.903,0.0404,106.5,288,21,2888.69
21,2023,4,4,0,21983.38,5242,22.39,38,24435,4,5,0.954,0.0381,108.6,202,10,2983.68
22,2023,4,4,0,10340.04,4509,27.32,43,30410,4,4,0.92,0.0424,121.2,243,9,3851.85
23,2023,4,4,0,13655.93,4366,18.73,39,32335,3,8,0.933,0.0295,92.8,272,9,2109.15
24,2023,4,4,0,11868.65,4039,19.04,34,25722,5,1,0.949,0.0345,93.6,218,1,2426.3
25,2023,4,4,0,16302.83,4267,30.52,30,20992,5,1,0.923,0.0441,108.2,177,4,4654.29
26,2023,4,4,0,17293.67,4360,24.74,35,26106,3,2,0.929,0.0262,105.3,210,13,4391.31
27,2023,4,4,0,16113.29,3953,15.94,34,23660,3,6,0.933,0.0379,96.2,177,9,2010.53
28,2023,4,4,0,13495.14,3890,28.8,34,24338,2,2,0.969,0.0347,122.5,191,7,2413.75
29,2023,4,4,0,13002.4,4253,20.76,35,25101,4,3,0.956,0.0393,94.4,237,8,2822.62
30,2023,4,4,0,8618.15,3885,19.62,30,26794,3,6,0.962,0.024,107.9,208,15,2270.16
31,2023,4,4,0,15372.32,4360,25,30,21874,5,5,0.967,0.0393,110.2,173,9,3658.96
32,2023,4,4,0,9892.82,3873,22.1,26,13486,2,5,0.941,0.0336,85.4,126,4,2753.74
33,2023,4,4,0,17084.14,4802,26.72,47,30773,3,4,0.929,0.0372,96.3,254,9,3471.98
34,2023,4,4,0,12556.2,4457,26.38,39,30368,2,1,0.968,0.035,107.5,242,7,3812.66
35,2023,4,4,0,12330.17,5268,16.37,38,30296,4,2,0.963,0.0345,116.3,254,5,2024.14
36,2023,4,4,0,8189.54,3779,22.83,29,21350,3,2,0.972,0.037,116.3,196,1,2500.2
37,2023,4,4,0,7845.57,6048,22.2,46,34897,3,3,0.996,0.04,109.3,291,10,4687.85
38,2023,4,4,0,12970.28,4119,21.71,36,26683,3,6,0.97,0.0318,90.7,228,8,3685.57
39,2023,4,4,0,20322.99,4857,22.38,28,20121,3,1,0.944,0.0322,92.8,161,1,4739.56
40,2023,4,4,0,16796.23,5432,21.61,39,29999,4,3,0.924,0.0469,111.6,267,11,3511.84
1,2023,5,5,0,19526.45,4821,28.89,38,29476,5,1,0.94,0.0399,98.3,263,11,5220.85
2,2023,5,5,0,7487.92,3891,20.1,32,21933,4,3,0.937,0.041,93.7,171,5,1929.75
3,2023,5,5,0,17003.61,4091,17.44,50,36259,2,1,0.932,0.0353,97.3,285,8,2861.58
4,2023,5,5,0,13806.77,4345,25.61,34,21798,4,2,0.937,0.0442,111.4,174,9,3044.76
5,2023,5,5,0,11379.95,5819,22.02,55,45448,2,2,0.963,0.0323,114.3,389,9,3613.4
6,2023,5,5,0,13704.15,4576,24.68,40,31415,3,3,0.939,0.042,93.5,251,1,4294.51
7,2023,5,5,0,8254.27,3959,17.38,31,20125,4,1,0.979,0.0356,96.3,179,9,1619.01
8,2023,5,5,0,11907.15,3909,22.71,38,31843,3,6,0.923,0.0421,103.6,264,2,2992.59
9,2023,5,5,0,11508.97,4862,18.8,44,32324,3,2,0.949,0.0403,100.2,251,5,2713.18
10,2023,5,5,0,12945.38,4420,19.84,40,29510,4,5,0.905,0.0405,113.9,249,9,2925.32
11,2023,5,5,0,11358.06,4431,24.58,40,28072,4,2,0.957,0.0407,103.1,231,8,2850.6
12,2023,5,5,0,10875.16,4309,23.21,48,39203,2,3,0.957,0.0358,102.1,325,9,5087.55
13,2023,5,5,0,9354.4,3769,18.51,36,29344,3,5,0.943,0.0331,96.9,239,5,2655.01
14,2023,5,5,0,6837.21,3821,27.96,41,30107,3,0,0.915,0.0384,126.3,244,3,3405.28
15,2023,5,5,0,13634.13,4291,18.16,25,15145,5,3,0.953,0.0401,100.8,131,2,2340.26
16,2023,5,5,0,10562.24,4262,16.59,33,23502,2,3,0.945,0.0288,106.7,202,13,2502.78
17,2023,5,5,0,5833.7,3241,23.03,40,29653,1,2,0.966,0.0311,103.6,251,9,2583.13
18,2023,5,5,0,22869.29,4420,26.49,36,28051,5,3,0.926,0.0422,91.4,239,17,3273.36
19,2023,5,5,0,11386.22,5041,21.59,37,28971,3,2,0.953,0.0313,111.3,243,3,3887.27
20,2023,5,5,0,11535.99,4497,22.48,44,34465,3,3,0.95,0.0342,106.5,288,21,3142.7
21,2023,5,5,0,7594.44,3893,22.84,34,24435,3,5,0.906,0.0347,108.6,202,10,1986.08
22,2023,5,5,0,12792.37,4904,27,38,30410,2,4,0.955,0.0343,121.2,243,9,5397.95
23,2023,5,5,0,7444.32,4228,19.29,40,32335,4,8,0.937,0.0391,92.8,272,9,2362.18
24,2023,5,5,0,11372.33,4363,18.72,32,25722,4,1,0.909,0.0425,93.6,218,1,2644.14
25,2023,5,5,0,7756.41,3654,29.9,30,20992,2,1,0.962,0.0455,108.2,177,4,3858.33
26,2023,5,5,0,9583.47,4091,23.21,34,26106,3,2,0.976,0.0314,105.3,210,13,3212.6
27,2023,5,5,0,11873.92,3957,15.66,34,23660,3,6,0.944,0.0366,96.2,177,9,1973.77
28,2023,5,5,0,10077.97,4068,28.48,33,24338,3,2,0.976,0.043,122.5,191,7,2394.29
29,2023,5,5,0,15858.23,4291,21.69,35,25101,3,3,0.953,0.029,94.4,237,8,2922.27
30,2023,5,5,0,7443.47,3883,20.74,41,26794,3,6,0.954,0.0274,107.9,208,15,2423.55
31,2023,5,5,0,8756.47,3402,24.91,30,21874,2,5,0.961,0.0311,110.2,173,9,2913.23
32,2023,5,5,0,27509.73,5357,20.93,22,13486,3,5,0.983,0.0303,85.4,126,4,4925.52
33,2023,5,5,0,9962.05,4324,28.24,37,30773,3,4,0.953,0.0455,96.3,254,9,2734.95
34,2023,5,5,0,13573.6,4395,26.04,39,30368,3,1,0.937,0.0409,107.5,242,7,3457.32
35,2023,5,5,0,18827.65,5687,15.64,42,30296,3,2,0.931,0.0308,116.3,254,5,2696.01
36,2023,5,5,0,5107.13,3803,22.39,31,21350,6,2,0.944,0.0458,116.3,196,1,2342.63
37,2023,5,5,0,14986.48,6413,22.19,44,34897,3,3,0.967,0.0401,109.3,291,10,4112.54
38,2023,5,5,0,15599.94,4538,21.55,35,26683,3,6,0.963,0.0329,90.7,228,8,3907.19
39,2023,5,5,0,8135.55,3914,23.08,31,20121,2,1,0.956,0.0392,92.8,161,1,3782.3
40,2023,5,5,0,9284.2,5164,22.06,41,29999,3,3,0.958,0.0388,111.6,267,11,3394.81
1,2023,6,6,0,11873.37,3917,28.23,37,29476,2,1,0.943,0.0342,98.3,263,11,3796.26
2,2023,6,6,0,5626.35,3837,20.29,30,21933,3,3,0.963,0.0281,93.7,171,5,1801.98
3,2023,6,6,0,8822.01,3803,17.69,45,36259,2,1,0.906,0.036,97.3,285,8,2099.27
4,2023,6,6,0,12291.15,3531,25.98,29,21798,3,2,0.948,0.048,111.4,174,9,2442.95
5,2023,6,6,0,13049.77,7133,21.89,53,45448,3,2,0.954,0.0422,114.3,389,9,5209.65
6,2023,6,6,0,14039.48,4413,24.32,37,31415,3,3,0.936,0.0355,93.5,251,1,4005.86
7,2023,6,6,0,8635.99,3924,17.57,30,20125,4,1,0.945,0.0409,96.3,179,9,1574.04
8,2023,6,6,0,9222.63,3928,21.75,40,31843,3,6,0.961,0.0382,103.6,264,2,2503.78
9,2023,6,6,0,16865.43,5725,18.92,42,32324,3,2,0.932,0.0233,100.2,251,5,3251.78
10,2023,6,6,0,21200.1,5292,21.37,41,29510,4,5,0.946,0.0356,113.9,249,9,3593.15
11,2023,6,6,0,15351.53,4446,23.74,37,28072,4,2,0.954,0.0327,103.1,231,8,2793.97
12,2023,6,6,0,9628.16,4180,22.01,48,39203,2,3,0.975,0.0366,102.1,325,9,4252.21
13,2023,6,6,0,15391.1,4428,19.18,39,29344,2,5,0.925,0.0258,96.9,239,5,3820.19
14,2023,6,6,0,13949.87,4028,28.33,42,30107,2,0,0.979,0.0337,126.3,244,3,4364.13
15,2023,6,6,0,10521.9,4126,18.66,24,15145,4,3,0.922,0.041,100.8,131,2,2210.85
16,2023,6,6,0,10951.39,4475,15.41,33,23502,2,3,0.962,0.0316,106.7,202,13,2708.06
17,2023,6,6,0,12108.32,4377,22.37,41,29653,4,2,0.956,0.0414,103.6,251,9,3566.42
18,2023,6,6,0,15706.13,4493,26.44,36,28051,4,3,0.973,0.035,91.4,239,17,2879.11
19,2023,6,6,0,12817.49,5157,21.77,39,28971,3,2,0.974,0.0289,111.3,243,3,3495.77
20,2023,6,6,0,11514.47,4214,22.09,47,34465,1,3,0.953,0.0267,106.5,288,21,2757.25
21,2023,6,6,0,10327.68,3951,23.45,35,24435,3,5,0.949,0.0402,108.6,202,10,2344.78
22,2023,6,6,0,22581.32,5552,25.9,37,30410,3,4,0.953,0.0439,121.2,243,9,5587.13
23,2023,6,6,0,10558.88,3834,18.59,46,32335,3,8,0.948,0.0454,92.8,272,9,2233.14
24,2023,6,6,0,11121.62,3630,18.36,38,25722,3,1,0.975,0.0281,93.6,218,1,2072.85
25,2023,6,6,0,10106.8,4503,29.6,31,20992,4,1,0.915,0.0437,108.2,177,4,4125.68
26,2023,6,6,0,14228.71,4676,23.71,37,26106,3,2,0.94,0.0415,105.3,210,13,3689.65
27,2023,6,6,0,8185.24,3824,16.39,34,23660,3,6,0.944,0.0279,96.2,177,9,1890.32
28,2023,6,6,0,17078.83,4588,28.26,34,24338,3,2,0.943,0.0506,122.5,191,7,2962.27
29,2023,6,6,0,10397.55,3828,21.51,34,25101,2,3,0.972,0.0419,94.4,237,8,2501.82
30,2023,6,6,0,5687.61,3415,19.78,38,26794,4,6,0.96,0.0318,107.9,208,15,2182.1
31,2023,6,6,0,12068.71,4088,24.79,33,21874,2,5,0.958,0.0463,110.2,173,9,3109.88
32,2023,6,6,0,22915,4914,21.65,20,13486,4,5,0.96,0.0382,85.4,126,4,4797.61
33,2023,6,6,0,6715.62,4300,26.15,41,30773,3,4,0.936,0.0261,96.3,254,9,2441.29
34,2023,6,6,0,14290.6,4630,26.54,38,30368,4,1,0.966,0.0324,107.5,242,7,3798.48
35,2023,6,6,0,9808.36,5099,16.32,39,30296,3,2,0.945,0.0287,116.3,254,5,1767.86
36,2023,6,6,0,15747.1,3936,22.22,32,21350,2,2,0.932,0.0411,116.3,196,1,2630.62
37,2023,6,6,0,9965.66,5910,22.63,44,34897,3,3,0.972,0.046,109.3,291,10,4971
38,2023,6,6,0,12416.6,4175,21.2,37,26683,2,6,0.974,0.0379,90.7,228,8,2999.92
39,2023,6,6,0,18277.77,4919,23.19,30,20121,2,1,1,0.0386,92.8,161,1,4937.13
40,2023,6,6,0,14860.53,5602,21.57,43,29999,4,3,0.952,0.0421,111.6,267,11,3704.55
1,2023,7,7,0,16784.95,4688,28,37,29476,3,1,0.96,0.0423,98.3,263,11,5277.35
2,2023,7,7,0,11973.17,4487,19.85,31,21933,4,3,0.959,0.0365,93.7,171,5,2432.88
3,2023,7,7,0,6538.82,3905,17.71,47,36259,2,1,0.947,0.0329,97.3,285,8,2141.65
4,2023,7,7,0,15870.12,4113,25.54,30,21798,4,2,0.964,0.0384,111.4,174,9,2512.94
5,2023,7,7,0,15836.2,7739,22,56,45448,3,2,0.917,0.0431,114.3,389,9,4938.73
6,2023,7,7,0,10352.17,4204,23.47,42,31415,3,3,0.917,0.0301,93.5,251,1,3816.18
7,2023,7,7,0,9329.69,3992,17.38,26,20125,5,1,0.965,0.0379,96.3,179,9,1649.27
8,2023,7,7,0,12793.2,4391,22.85,44,31843,4,6,0.915,0.0374,103.6,264,2,3063.09
9,2023,7,7,0,8161.3,4968,18.9,42,32324,2,2,0.931,0.0323,100.2,251,5,2353.78
10,2023,7,7,0,17132.65,4727,20.2,37,29510,4,5,0.929,0.0377,113.9,249,9,2742.51
11,2023,7,7,0,8299.23,3787,23.91,38,28072,2,2,0.95,0.0332,103.1,231,8,2566.76
12,2023,7,7,0,23436.33,5963,21.66,50,39203,5,3,0.917,0.0449,102.1,325,9,7004.55
13,2023,7,7,0,7659.06,3992,19.17,39,29344,2,5,0.953,0.0355,96.9,239,5,2665.02
14,2023,7,7,0,18243.95,4592,28.7,40,30107,5,0,0.95,0.0472,126.3,244,3,4872.7
15,2023,7,7,0,18814.88,4721,19.08,23,15145,3,3,0.941,0.0367,100.8,131,2,2928.07
16,2023,7,7,0,11385.24,4671,16.1,30,23502,4,3,0.97,0.0296,106.7,202,13,3120.16
17,2023,7,7,0,9813.09,3947,23.04,39,29653,3,2,0.93,0.0329,103.6,251,9,3055.04
18,2023,7,7,0,11681.84,4036,26.99,41,28051,2,3,0.951,0.04,91.4,239,17,2906.93
19,2023,7,7,0,12370.18,5662,21.9,36,28971,4,2,0.96,0.0351,111.3,243,3,4001.41
20,2023,7,7,0,15772.03,4622,22.65,49,34465,3,3,0.916,0.0388,106.5,288,21,3538.39
21,2023,7,7,0,10941.47,4374,22.25,35,24435,5,5,0.974,0.0511,108.6,202,10,2153.51
22,2023,7,7,0,9631.93,4843,26.13,40,30410,4,4,0.904,0.041,121.2,243,9,4241.29
23,2023,7,7,0,9851.83,4258,18.43,43,32335,4,8,0.936,0.0412,92.8,272,9,2425.33
24,2023,7,7,0,15076.72,4307,18.31,34,25722,4,1,0.925,0.0519,93.6,218,1,2784.26
25,2023,7,7,0,6989.97,3946,30.87,32,20992,2,1,0.941,0.0388,108.2,177,4,3942.9
26,2023,7,7,0,12419.45,4161,23.91,34,26106,1,2,1,0.0358,105.3,210,13,3543.27
27,2023,7,7,0,17350.6,5198,16.05,34,23660,4,6,0.919,0.0384,96.2,177,9,2545
28,2023,7,7,0,14985.93,4809,28.29,33,24338,2,2,0.964,0.0319,122.5,191,7,3051.84
29,2023,7,7,0,9034.72,4461,21.1,34,25101,2,3,0.955,0.0277,94.4,237,8,2748.46
30,2023,7,7,0,18055.67,5304,19.41,33,26794,5,6,0.948,0.0354,107.9,208,15,3744.33
31,2023,7,7,0,4181.24,3532,25.15,33,21874,3,5,0.946,0.0339,110.2,173,9,2811.59
32,2023,7,7,0,8387.71,4182,21.61,24,13486,3,5,0.939,0.037,85.4,126,4,2833.15
33,2023,7,7,0,10644.42,4860,28.23,38,30773,3,4,0.964,0.0415,96.3,254,9,3405.32
34,2023,7,7,0,13925.88,4830,25.87,42,30368,4,1,0.929,0.0343,107.5,242,7,3704.76
35,2023,7,7,0,8713.65,5317,16.61,39,30296,3,2,0.945,0.0385,116.3,254,5,1633.97
36,2023,7,7,0,9414.27,3698,22.46,30,21350,3,2,0.956,0.0341,116.3,196,1,2211.57
37,2023,7,7,0,9348.06,6480,22.01,40,34897,3,3,0.969,0.0403,109.3,291,10,4502.42
38,2023,7,7,0,11070.79,4040,21.82,38,26683,3,6,0.946,0.0392,90.7,228,8,3610.25
39,2023,7,7,0,15906.2,4706,23.41,32,20121,4,1,0.925,0.0467,92.8,161,1,4967.74
40,2023,7,7,0,10051.17,5228,21.84,40,29999,3,3,0.95,0.0454,111.6,267,11,3430.35
1,2023,8,8,0,12950.84,4715,27.74,40,29476,4,1,0.938,0.0376,98.3,263,11,4333.2
2,2023,8,8,0,7760.55,3823,20.14,29,21933,2,3,0.964,0.0295,93.7,171,5,2199.99
3,2023,8,8,0,14720.24,4202,17.17,47,36259,4,1,0.96,0.0374,97.3,285,8,2833.05
4,2023,8,8,0,7498.24,3891,25.59,29,21798,2,2,0.919,0.041,111.4,174,9,1973.24
5,2023,8,8,0,14966.68,7480,21.24,56,45448,4,2,0.931,0.0336,114.3,389,9,3927.86
6,2023,8,8,0,13801.35,4665,24.38,40,31415,2,3,0.94,0.0345,93.5,251,1,4372.05
7,2023,8,8,0,13721.03,4542,17.73,27,20125,4,1,0.954,0.0318,96.3,179,9,2103.43
8,2023,8,8,0,11812.8,4469,22.5,44,31843,3,6,0.918,0.0404,103.6,264,2,3237.28
9,2023,8,8,0,14008.02,5633,19.53,44,32324,4,2,0.963,0.0385,100.2,251,5,3169.76
10,2023,8,8,0,10426.4,4713,20.63,42,29510,5,5,0.912,0.0422,113.9,249,9,2361.46
11,2023,8,8,0,15411.44,4931,23.53,38,28072,4,2,0.932,0.0345,103.1,231,8,3959.04
12,2023,8,8,0,26309.8,5525,22.69,51,39203,4,3,0.932,0.0455,102.1,325,9,7061.02
13,2023,8,8,0,15030.16,4229,19.54,38,29344,2,5,0.953,0.0415,96.9,239,5,3701.7
14,2023,8,8,0,14166.12,3935,28.86,41,30107,4,0,0.936,0.0436,126.3,244,3,3816.28
15,2023,8,8,0,14005.3,4214,19.53,28,15145,3,3,0.941,0.0354,100.8,131,2,2518.34
16,2023,8,8,0,12973.6,4296,15.87,34,23502,2,3,0.93,0.0364,106.7,202,13,2705.84
17,2023,8,8,0,13278.85,4234,22.89,40,29653,4,2,0.938,0.0384,103.6,251,9,3403.47
18,2023,8,8,0,11180.79,3994,26.37,37,28051,2,3,0.941,0.0369,91.4,239,17,2800.67
19,2023,8,8,0,17025.52,5480,21.17,36,28971,3,2,0.937,0.0327,111.3,243,3,3642.99
20,2023,8,8,0,9998.73,4218,22.43,43,34465,3,3,0.925,0.0371,106.5,288,21,2655.97
21,2023,8,8,0,15091.89,4425,22.7,35,24435,1,5,1,0.0351,108.6,202,10,2371.86
22,2023,8,8,0,11550.41,4839,26.29,38,30410,1,4,0.937,0.0346,121.2,243,9,4372.85
23,2023,8,8,0,24057.51,5271,19.6,43,32335,3,8,0.951,0.0378,92.8,272,9,3173.77
24,2023,8,8,0,10733.32,4160,18.41,32,25722,4,1,0.976,0.0434,93.6,218,1,2290.8
25,2023,8,8,0,17557.59,4910,29.54,29,20992,3,1,0.939,0.0396,108.2,177,4,4923.47
26,2023,8,8,0,25701.81,5374,25.09,35,26106,5,2,0.91,0.0499,105.3,210,13,4884.47
27,2023,8,8,0,13086.97,4045,15.73,31,23660,2,6,0.935,0.0291,96.2,177,9,2192.92
28,2023,8,8,0,7713.42,3928,29.22,33,24338,3,2,0.939,0.0465,122.5,191,7,2339.02
29,2023,8,8,0,9702.86,4107,20.72,36,25101,3,3,0.938,0.0322,94.4,237,8,2497.74
30,2023,8,8,0,14862.39,3990,19.79,37,26794,4,6,0.93,0.0377,107.9,208,15,2644.08
31,2023,8,8,0,8250.75,3421,25.14,31,21874,2,5,0.904,0.0335,110.2,173,9,2968.33
32,2023,8,8,0,3998.44,3502,21.82,26,13486,2,5,0.954,0.0356,85.4,126,4,2143.78
33,2023,8,8,0,16316.71,4436,27.09,48,30773,4,4,0.976,0.0401,96.3,254,9,3084.98
34,2023,8,8,0,11783.52,3940,25.6,41,30368,3,1,0.959,0.0367,107.5,242,7,2813.34
35,2023,8,8,0,10023.19,5248,16.04,41,30296,4,2,0.957,0.0394,116.3,254,5,2184.81
36,2023,8,8,0,11186.2,4051,21.97,33,21350,4,2,0.957,0.038,116.3,196,1,2630.45
37,2023,8,8,0,12448.59,6910,22.23,45,34897,3,3,0.964,0.0415,109.3,291,10,5234.7
38,2023,8,8,0,8408.22,3890,21.94,39,26683,4,6,0.937,0.0308,90.7,228,8,2987.07
39,2023,8,8,0,17877.36,4650,23.67,29,20121,3,1,0.921,0.0383,92.8,161,1,3821.37
40,2023,8,8,0,11135.61,5093,22.23,41,29999,1,3,0.978,0.0284,111.6,267,11,3644.83
1,2023,9,9,0,17422.86,4193,28.96,37,29476,3,1,0.932,0.0378,98.3,263,11,4140.6
2,2023,9,9,0,19572.78,4102,20.43,30,21933,3,3,0.949,0.0267,93.7,171,5,2706.23
3,2023,9,9,0,6941.94,4075,17.72,46,36259,5,1,0.923,0.0416,97.3,285,8,2372.24
4,2023,9,9,0,13336.63,3839,25.66,32,21798,4,2,0.923,0.0402,111.4,174,9,2449.94
5,2023,9,9,0,7635.63,6443,22.19,56,45448,5,2,0.936,0.0363,114.3,389,9,3826.93
6,2023,9,9,0,13303.24,3897,24.49,41,31415,2,3,0.929,0.0342,93.5,251,1,4051.8
7,2023,9,9,0,14992.17,4360,17.74,27,20125,2,1,0.937,0.0324,96.3,179,9,2343.07
8,2023,9,9,0,7170.97,3355,22.09,43,31843,1,6,0.891,0.0308,103.6,264,2,2195.53
9,2023,9,9,0,19394.92,5164,18.62,44,32324,3,2,0.936,0.0363,100.2,251,5,3218.93
10,2023,9,9,0,9786.31,4314,19.93,38,29510,3,5,0.924,0.0363,113.9,249,9,2551.2
11,2023,9,9,0,10463.44,4042,23.35,37,28072,3,2,0.947,0.0347,103.1,231,8,2857.05
12,2023,9,9,0,15970.62,4604,22.76,48,39203,1,3,0.972,0.0265,102.1,325,9,4760.23
13,2023,9,9,0,10691.91,3755,19.44,37,29344,2,5,0.95,0.0277,96.9,239,5,2891.12
14,2023,9,9,0,13624.75,3899,28.78,39,30107,3,0,0.95,0.0492,126.3,244,3,4072.45
15,2023,9,9,0,13131.48,4214,18.39,28,15145,4,3,0.975,0.0335,100.8,131,2,2759.43
16,2023,9,9,0,16362.12,4649,16.32,33,23502,4,3,0.945,0.0263,106.7,202,13,3000.57
17,2023,9,9,0,11140.29,3579,22.88,42,29653,3,2,0.947,0.0284,103.6,251,9,3209.9
18,2023,9,9,0,11555.06,4201,26.17,40,28051,3,3,0.956,0.0384,91.4,239,17,2942.39
19,2023,9,9,0,9044.43,4674,22.41,41,28971,4,2,0.949,0.0327,111.3,243,3,3452.42
20,2023,9,9,0,14370.08,4215,21.65,43,34465,1,3,0.924,0.0348,106.5,288,21,3010.86
21,2023,9,9,0,11102.82,3941,23.34,37,24435,2,5,0.934,0.0381,108.6,202,10,2147.82
22,2023,9,9,0,11349.21,4717,25.32,43,30410,4,4,0.934,0.0402,121.2,243,9,4319.47
23,2023,9,9,0,6004,3998,18.93,43,32335,4,8,0.922,0.0398,92.8,272,9,2073.2
24,2023,9,9,0,16837.61,4262,18.39,34,25722,1,1,0.957,0.0277,93.6,218,1,2530.17
25,2023,9,9,0,11480.39,3344,31.09,30,20992,2,1,0.939,0.0344,108.2,177,4,3155.02
26,2023,9,9,0,7315.07,3605,24.66,36,26106,3,2,0.953,0.036,105.3,210,13,2906.96
27,2023,9,9,0,7562.2,3575,15.8,33,23660,1,6,0.94,0.0252,96.2,177,9,1713.69
28,2023,9,9,0,7085.52,3661,27.96,32,24338,4,2,0.932,0.0469,122.5,191,7,2140.43
29,2023,9,9,0,17748.05,4303,20.72,34,25101,4,3,0.969,0.0324,94.4,237,8,3357.03
30,2023,9,9,0,17151.54,5036,19.89,38,26794,5,6,0.928,0.0323,107.9,208,15,3046.05
31,2023,9,9,0,15958.5,4155,24.8,32,21874,1,5,0.957,0.0355,110.2,173,9,4081.65
32,2023,9,9,0,8198.74,3870,21.71,25,13486,2,5,0.955,0.0408,85.4,126,4,2705.84
33,2023,9,9,0,23378.02,4926,27.21,44,30773,5,4,0.93,0.0399,96.3,254,9,3800.77
34,2023,9,9,0,7884.12,3972,26.61,41,30368,4,1,0.922,0.0371,107.5,242,7,3240.99
35,2023,9,9,0,16389.59,5386,16.07,36,30296,3,2,0.982,0.0276,116.3,254,5,2322.92
36,2023,9,9,0,17955.28,4327,22.01,33,21350,2,2,1,0.0267,116.3,196,1,3368.92
37,2023,9,9,0,11198.57,6224,22.48,43,34897,4,3,0.905,0.0423,109.3,291,10,5009.96
38,2023,9,9,0,15492.73,4138,21.72,36,26683,4,6,0.928,0.0448,90.7,228,8,3888.52
39,2023,9,9,0,10909.81,4082,22.95,32,20121,3,1,0.983,0.0331,92.8,161,1,3816.91
40,2023,9,9,0,13163.99,5470,21.62,38,29999,4,3,0.956,0.0342,111.6,267,11,3777.69
1,2023,10,10,0,19163.09,4417,28.37,40,29476,4,1,0.943,0.0314,98.3,263,11,4982.78
2,2023,10,10,0,6425.72,3647,20.16,31,21933,4,3,0.936,0.0452,93.7,171,5,1520.79
3,2023,10,10,0,19999.21,5063,16.98,44,36259,4,1,0.923,0.0307,97.3,285,8,3641.23
4,2023,10,10,0,13740.23,4322,25.4,29,21798,2,2,0.967,0.0394,111.4,174,9,2718.85
5,2023,10,10,0,24273.42,9059,21.03,56,45448,4,2,0.922,0.0367,114.3,389,9,5932.76
6,2023,10,10,0,11744.03,4284,24.88,46,31415,2,3,0.928,0.0287,93.5,251,1,3937.92
7,2023,10,10,0,18661.41,4332,17.57,28,20125,4,1,0.959,0.0414,96.3,179,9,2047.29
8,2023,10,10,0,22665.46,4598,22.98,39,31843,4,6,0.939,0.042,103.6,264,2,4053.69
9,2023,10,10,0,15916.21,5201,18.38,44,32324,3,2,0.977,0.0338,100.2,251,5,3268.01
10,2023,10,10,0,15744.31,4784,20.75,38,29510,3,5,0.946,0.0334,113.9,249,9,3044.01
11,2023,10,10,0,12383.16,3705,24.03,36,28072,1,2,0.914,0.025,103.1,231,8,2521.75
12,2023,10,10,0,9036.74,4481,22.01,49,39203,5,3,0.943,0.0406,102.1,325,9,4029.16
13,2023,10,10,0,21440.41,4788,18.16,37,29344,5,5,0.921,0.0416,96.9,239,5,3747.8
14,2023,10,10,0,28529.23,5759,28.95,42,30107,5,0,0.929,0.0404,126.3,244,3,6523.06
15,2023,10,10,0,16938.03,4368,18.27,23,15145,3,3,0.942,0.045,100.8,131,2,2408.83
16,2023,10,10,0,14689.64,4505,16.98,32,23502,5,3,0.951,0.0395,106.7,202,13,3151.4
17,2023,10,10,0,14286.24,4007,23.22,39,29653,1,2,0.989,0.0302,103.6,251,9,3432.28
18,2023,10,10,0,26616.41,5229,26.34,37,28051,3,3,0.948,0.0327,91.4,239,17,3986.95
19,2023,10,10,0,9411.81,4408,21.87,39,28971,3,2,0.965,0.0382,111.3,243,3,3397.93
20,2023,10,10,0,14333.31,4692,22.38,47,34465,4,3,0.94,0.0506,106.5,288,21,3488.99
21,2023,10,10,0,15095.62,4376,22.27,35,24435,2,5,0.934,0.0358,108.6,202,10,2774.85
22,2023,10,10,0,15848.39,4810,26.27,38,30410,2,4,0.938,0.0347,121.2,243,9,4342.79
23,2023,10,10,0,11402.64,4372,17.8,46,32335,3,8,0.936,0.035,92.8,272,9,2241.02
24,2023,10,10,0,23646.04,5142,18.49,37,25722,6,1,0.911,0.0392,93.6,218,1,3410.81
25,2023,10,10,0,10005.03,3941,30.52,30,20992,3,1,0.923,0.0377,108.2,177,4,3597.87
26,2023,10,10,0,17743.74,4205,24.57,38,26106,1,2,0.896,0.0325,105.3,210,13,4001.59
27,2023,10,10,0,8009.81,3556,16.41,34,23660,2,6,0.914,0.0306,96.2,177,9,1679.79
28,2023,10,10,0,14634.57,4614,28.82,38,24338,3,2,0.943,0.0395,122.5,191,7,2898.8
29,2023,10,10,0,19243.3,4422,21.21,35,25101,3,3,0.917,0.0382,94.4,237,8,3331.67
30,2023,10,10,0,14658.24,4598,20.54,35,26794,3,6,0.909,0.0384,107.9,208,15,3324.35
31,2023,10,10,0,8729.29,3943,25.63,27,21874,3,5,0.894,0.034,110.2,173,9,3698.67
32,2023,10,10,0,9508.57,3474,21.96,27,13486,2,5,0.925,0.0425,85.4,126,4,3143.95
33,2023,10,10,0,11513.66,4444,27.94,43,30773,2,4,0.93,0.0377,96.3,254,9,2821.03
34,2023,10,10,0,13697.96,4737,26.36,38,30368,5,1,0.946,0.0466,107.5,242,7,4094.26
35,2023,10,10,0,7692.72,5080,16.04,37,30296,3,2,0.994,0.0248,116.3,254,5,1774.56
36,2023,10,10,0,15504.4,4341,21.88,28,21350,3,2,0.929,0.026,116.3,196,1,3248.76
37,2023,10,10,0,17606.37,6813,22.38,47,34897,3,3,0.962,0.0357,109.3,291,10,6167.67
38,2023,10,10,0,13642.92,3995,21.01,37,26683,3,6,0.931,0.0324,90.7,228,8,3034.3
39,2023,10,10,0,28073.2,5326,24.27,27,20121,5,1,0.914,0.0387,92.8,161,1,5627.65
40,2023,10,10,0,19702.4,6391,22.17,41,29999,3,3,0.914,0.0434,111.6,267,11,4669.25
1,2023,11,11,1,9755.94,4269,28.51,39,29476,4,1,0.928,0.0525,98.3,263,11,4084.79
2,2023,11,11,1,19689.4,4753,19.97,34,21933,3,3,0.936,0.0362,93.7,171,5,2976.89
3,2023,11,11,1,13404.51,4492,17.64,47,36259,4,1,0.936,0.0428,97.3,285,8,3031.46
4,2023,11,11,1,8315.19,4669,24.29,31,21798,3,2,0.925,0.034,111.4,174,9,2591.46
5,2023,11,11,1,7768.74,6779,21.8,54,45448,2,2,0.961,0.037,114.3,389,9,3991.92
6,2023,11,11,1,12573.35,4772,24.27,42,31415,3,3,0.94,0.0332,93.5,251,1,4161.44
7,2023,11,11,1,10410.63,4504,17.66,30,20125,2,1,0.937,0.0349,96.3,179,9,2035.94
8,2023,11,11,1,17203.93,5003,22.42,42,31843,3,6,0.902,0.038,103.6,264,2,4041.44
9,2023,11,11,1,12468.59,6011,18.91,42,32324,2,2,0.921,0.0371,100.2,251,5,3299.09
10,2023,11,11,1,13604.08,4860,21.4,41,29510,4,5,0.958,0.0384,113.9,249,9,3100.79
11,2023,11,11,1,14827.85,4476,24.38,37,28072,3,2,0.936,0.0391,103.1,231,8,3671.41
12,2023,11,11,1,18328.66,5820,23.35,49,39203,3,3,0.941,0.0403,102.1,325,9,6720.66
13,2023,11,11,1,23441.46,5414,19.12,38,29344,5,5,0.947,0.0442,96.9,239,5,4526.14
14,2023,11,11,1,22049.66,5551,28.3,38,30107,5,0,0.946,0.0415,126.3,244,3,6407.08
15,2023,11,11,1,17062.02,4973,18.33,22,15145,3,3,0.901,0.0402,100.8,131,2,2905.13
16,2023,11,11,1,52692.09,8479,16.18,33,23502,7,3,0.97,0.0339,106.7,202,13,6132.37
17,2023,11,11,1,11228.04,4289,23.14,41,29653,4,2,0.896,0.0439,103.6,251,9,3348.82
18,2023,11,11,1,6422.66,4032,27.05,37,28051,3,3,0.941,0.0377,91.4,239,17,2310.49
19,2023,11,11,1,10819.56,5354,21.83,39,28971,4,2,0.938,0.028,111.3,243,3,3787.4
20,2023,11,11,1,25502.37,6131,21.91,45,34465,2,3,0.937,0.0315,106.5,288,21,3950.68
21,2023,11,11,1,15008.3,5206,22.99,34,24435,5,5,0.94,0.0374,108.6,202,10,3054.83
22,2023,11,11,1,15760.91,5760,25.82,43,30410,3,4,0.933,0.0439,121.2,243,9,5273.07
23,2023,11,11,1,10532.09,4068,18.24,43,32335,2,8,0.921,0.0227,92.8,272,9,2302.64
24,2023,11,11,1,13559.67,4756,18.05,33,25722,3,1,0.933,0.0366,93.6,218,1,2497.75
25,2023,11,11,1,15481.62,5033,30.94,30,20992,5,1,0.935,0.0455,108.2,177,4,5106.94
26,2023,11,11,1,13483.87,4320,23.54,34,26106,3,2,0.912,0.0317,105.3,210,13,3790.4
27,2023,11,11,1,10075.57,4623,15.93,29,23660,4,6,0.958,0.031,96.2,177,9,2205.23
28,2023,11,11,1,10222.89,4524,27.81,30,24338,3,2,0.942,0.0379,122.5,191,7,2401.53
29,2023,11,11,1,12271.37,4401,21.17,35,25101,3,3,0.967,0.0307,94.4,237,8,3098.79
30,2023,11,11,1,23103.51,5729,19.97,35,26794,4,6,0.914,0.0331,107.9,208,15,4053.78
31,2023,11,11,1,23624.63,5317,24.51,31,21874,4,5,0.928,0.0451,110.2,173,9,4414.71
32,2023,11,11,1,27405.41,5831,22.53,22,13486,5,5,0.911,0.0386,85.4,126,4,5504.09
33,2023,11,11,1,24183.09,5487,26.62,40,30773,3,4,0.956,0.0357,96.3,254,9,3822.14
34,2023,11,11,1,12018.52,4471,25.9,39,30368,2,1,0.931,0.0385,107.5,242,7,3819.87
35,2023,11,11,1,15228.72,6070,15.76,40,30296,4,2,0.912,0.0322,116.3,254,5,2592.54
36,2023,11,11,1,21057.03,5375,21.26,30,21350,4,2,0.946,0.0294,116.3,196,1,3493.73
37,2023,11,11,1,14035.6,7312,21.3,44,34897,4,3,0.959,0.0421,109.3,291,10,5771.92
38,2023,11,11,1,10456.79,4551,21.39,38,26683,1,6,0.962,0.0348,90.7,228,8,3631.21
39,2023,11,11,1,11528.02,4863,24.15,28,20121,3,1,0.938,0.0447,92.8,161,1,4299.62
40,2023,11,11,1,18203.06,6576,21.1,40,29999,3,3,0.927,0.0291,111.6,267,11,4172.47
1,2023,12,12,1,13905.08,5656,28.86,39,29476,4,1,0.946,0.0407,98.3,263,11,4918.86
2,2023,12,12,1,12963.85,4710,20.68,32,21933,3,3,0.947,0.0397,93.7,171,5,2951.34
3,2023,12,12,1,20537.03,6070,17.42,47,36259,4,1,0.915,0.035,97.3,285,8,3736.22
4,2023,12,12,1,16758.23,5394,24.99,27,21798,5,2,0.958,0.0452,111.4,174,9,3334.6
5,2023,12,12,1,12874.27,9001,21.76,53,45448,2,2,0.957,0.032,114.3,389,9,5100.24
6,2023,12,12,1,13874.47,5231,24.87,41,31415,3,3,0.982,0.0387,93.5,251,1,4910.7
7,2023,12,12,1,11290.23,5363,17.68,26,20125,3,1,0.97,0.0329,96.3,179,9,2100.58
8,2023,12,12,1,16547.79,5519,22.51,42,31843,3,6,0.973,0.0401,103.6,264,2,3474.19
9,2023,12,12,1,24834.99,7908,19.95,40,32324,5,2,0.898,0.0427,100.2,251,5,4568.15
10,2023,12,12,1,31081.31,6318,20.26,38,29510,3,5,0.959,0.0258,113.9,249,9,4525.6
11,2023,12,12,1,6272.05,4199,24.59,38,28072,2,2,0.945,0.0364,103.1,231,8,2916.74
12,2023,12,12,1,8335.18,5046,21.04,47,39203,4,3,0.955,0.0386,102.1,325,9,4201.62
13,2023,12,12,1,9710.73,4632,18.76,38,29344,3,5,0.958,0.0328,96.9,239,5,3365.38
14,2023,12,12,1,34301.97,6618,27.76,41,30107,3,0,0.938,0.036,126.3,244,3,7165.01
15,2023,12,12,1,27293.36,6009,19.2,22,15145,5,3,0.883,0.0356,100.8,131,2,4273.79
16,2023,12,12,1,17707.83,5437,16.23,32,23502,3,3,0.959,0.026,106.7,202,13,3797.31
17,2023,12,12,1,20909.47,5607,23.23,45,29653,3,2,0.952,0.0339,103.6,251,9,5069.47
18,2023,12,12,1,17310.91,5850,26.09,38,28051,4,3,0.951,0.0459,91.4,239,17,3903.71
19,2023,12,12,1,19437.19,6645,21.28,39,28971,4,2,0.929,0.0396,111.3,243,3,4916.9
20,2023,12,12,1,8948.94,4694,22.42,43,34465,4,3,0.939,0.037,106.5,288,21,3057.61
21,2023,12,12,1,12453.25,5119,22.68,33,24435,1,5,0.934,0.0417,108.6,202,10,2331.32
22,2023,12,12,1,24329.64,7239,26.78,40,30410,3,4,0.936,0.0339,121.2,243,9,8048.29
23,2023,12,12,1,13760.96,5381,19.38,40,32335,3,8,0.932,0.035,92.8,272,9,3196.54
24,2023,12,12,1,7902.19,4502,18.93,37,25722,2,1,0.951,0.032,93.6,218,1,2608.34
25,2023,12,12,1,13291,5423,31.28,29,20992,3,1,0.913,0.0498,108.2,177,4,5359.49
26,2023,12,12,1,13067.77,4678,23.8,34,26106,1,2,0.945,0.0387,105.3,210,13,4066.44
27,2023,12,12,1,16285.89,4980,15.64,37,23660,2,6,0.979,0.0306,96.2,177,9,2558.43
28,2023,12,12,1,22095.51,6211,28.47,33,24338,5,2,0.947,0.0487,122.5,191,7,4053.06
29,2023,12,12,1,18444.8,5217,21.35,35,25101,5,3,0.887,0.0426,94.4,237,8,3725.6
30,2023,12,12,1,11720.22,4927,20.03,39,26794,3,6,0.929,0.041,107.9,208,15,3143.47
31,2023,12,12,1,17775.89,5391,24.67,32,21874,3,5,0.954,0.037,110.2,173,9,4088.85
32,2023,12,12,1,12111.05,5279,21.92,22,13486,4,5,0.928,0.0312,85.4,126,4,4059.92
33,2023,12,12,1,11864.59,5244,26.73,41,30773,2,4,0.952,0.0464,96.3,254,9,3072.08
34,2023,12,12,1,16095.95,5250,25.46,39,30368,3,1,0.951,0.0505,107.5,242,7,3839.69
35,2023,12,12,1,12189.54,6952,16.34,40,30296,3,2,0.895,0.0222,116.3,254,5,2471.77
36,2023,12,12,1,22334.85,5710,20.61,32,21350,2,2,0.924,0.0294,116.3,196,1,3612.63
37,2023,12,12,1,15050.97,7531,22.5,39,34897,3,3,0.921,0.036,109.3,291,10,5784.57
38,2023,12,12,1,19813.54,5950,21.58,37,26683,2,6,0.936,0.0364,90.7,228,8,4329.7
39,2023,12,12,1,5531.43,4189,23.37,32,20121,4,1,0.952,0.049,92.8,161,1,3893.47
40,2023,12,12,1,16084.58,6392,21.03,42,29999,3,3,0.954,0.0287,111.6,267,11,3668.86
1,2024,1,1,0,21305,3911,29.14,39,29476,3,1,0.962,0.0376,98.3,263,11,4665.15
2,2024,1,1,0,12121.62,3773,20.36,36,21933,2,3,0.945,0.0396,93.7,171,5,2234.96
3,2024,1,1,0,13049.12,3581,17.48,48,36259,2,1,0.974,0.0323,97.3,285,8,2238.27
4,2024,1,1,0,17884.95,4089,25.67,31,21798,3,2,0.954,0.0403,111.4,174,9,2385.02
5,2024,1,1,0,7663.04,5475,21.48,54,45448,4,2,0.92,0.0286,114.3,389,9,3180.39
6,2024,1,1,0,9445.44,4162,24.3,42,31415,2,3,0.916,0.0419,93.5,251,1,3796.54
7,2024,1,1,0,8786.97,3819,17.41,30,20125,3,1,0.956,0.0372,96.3,179,9,1591.8
8,2024,1,1,0,6627.87,3297,22.89,38,31843,3,6,0.947,0.0325,103.6,264,2,1991.93
9,2024,1,1,0,10129.65,4216,18.4,43,32324,2,2,0.914,0.0301,100.2,251,5,2365.78
10,2024,1,1,0,11091.04,4114,20.99,36,29510,3,5,0.952,0.0344,113.9,249,9,2723.98
11,2024,1,1,0,7643.9,3545,23.88,37,28072,4,2,0.94,0.046,103.1,231,8,2243.31
12,2024,1,1,0,8845.41,4302,21.98,51,39203,4,3,0.934,0.0424,102.1,325,9,3887.58
13,2024,1,1,0,16229,3738,18.97,38,29344,4,5,0.952,0.0272,96.9,239,5,3109.19
14,2024,1,1,0,17485.63,4108,29.95,42,30107,4,0,0.943,0.0427,126.3,244,3,4097.46
15,2024,1,1,0,8237.91,3409,18.1,25,15145,2,3,0.913,0.0351,100.8,131,2,1925.89
16,2024,1,1,0,13140.78,3873,16.43,34,23502,3,3,0.928,0.0356,106.7,202,13,2919.5
17,2024,1,1,0,9452.27,3602,22.67,39,29653,5,2,0.944,0.0326,103.6,251,9,2831.63
18,2024,1,1,0,7752.83,3075,27.16,39,28051,3,3,0.985,0.0411,91.4,239,17,1980.04
19,2024,1,1,0,12778.42,4572,21.4,39,28971,3,2,0.936,0.0333,111.3,243,3,2976.77
20,2024,1,1,0,12720.84,4178,22.4,46,34465,4,3,0.931,0.0434,106.5,288,21,2652.79
21,2024,1,1,0,8369.87,3681,23.35,36,24435,2,5,0.967,0.0313,108.6,202,10,2011.86
22,2024,1,1,0,11413.96,4500,26.27,39,30410,4,4,0.96,0.0378,121.2,243,9,4266.04
23,2024,1,1,0,7857.99,3444,18.99,43,32335,0,8,0.911,0.0277,92.8,272,9,1661.64
24,2024,1,1,0,20755,4005,18.89,37,25722,2,1,0.923,0.0352,93.6,218,1,2624.94
25,2024,1,1,0,12502.15,3819,29.49,26,20992,3,1,0.933,0.038,108.2,177,4,4029.2
26,2024,1,1,0,19187.97,3896,23.86,37,26106,3,2,0.948,0.0407,105.3,210,13,3938.4
27,2024,1,1,0,5530.1,3370,15.64,33,23660,2,6,0.976,0.0293,96.2,177,9,1405.41
28,2024,1,1,0,19006.39,4191,29.25,34,24338,4,2,0.915,0.0349,122.5,191,7,3148.72
29,2024,1,1,0,19304.64,4219,21.55,37,25101,5,3,0.917,0.045,94.4,237,8,3366.76
30,2024,1,1,0,12526.98,4098,20.18,39,26794,4,6,0.953,0.0423,107.9,208,15,2907.54
31,2024,1,1,0,9978.56,3471,24.29,33,21874,4,5,0.948,0.0359,110.2,173,9,3028.53
32,2024,1,1,0,11838.26,3753,22.24,22,13486,1,5,0.948,0.0351,85.4,126,4,2901.64
33,2024,1,1,0,9479.9,3750,27.28,44,30773,3,4,0.966,0.0288,96.3,254,9,2162.95
34,2024,1,1,0,8177.57,3492,25.08,41,30368,2,1,0.954,0.04,107.5,242,7,2595.19
35,2024,1,1,0,15611.56,5083,15.83,42,30296,3,2,0.925,0.033,116.3,254,5,2015.29
36,2024,1,1,0,10154.68,3545,22.08,29,21350,3,2,0.965,0.0395,116.3,196,1,2669.21
37,2024,1,1,0,19239.35,6587,21.66,46,34897,5,3,0.929,0.0417,109.3,291,10,5761.82
38,2024,1,1,0,14661.71,3874,21.88,35,26683,2,6,0.94,0.0338,90.7,228,8,3527.04
39,2024,1,1,0,7915.55,3698,22.52,28,20121,5,1,0.952,0.0408,92.8,161,1,3361.03
40,2024,1,1,0,14141.68,5076,22.31,41,29999,3,3,0.925,0.0368,111.6,267,11,3314.02
1,2024,2,2,0,8025.84,3353,28.02,40,29476,3,1,0.978,0.0355,98.3,263,11,3250.62
2,2024,2,2,0,16471.81,4353,20.64,29,21933,3,3,0.944,0.0333,93.7,171,5,2626
3,2024,2,2,0,16584.6,3826,17.14,45,36259,3,1,0.98,0.0317,97.3,285,8,2792.48
4,2024,2,2,0,13048.78,3741,25.29,33,21798,2,2,0.97,0.0418,111.4,174,9,2500.39
5,2024,2,2,0,9984.6,6108,21.28,55,45448,2,2,0.903,0.0346,114.3,389,9,3648.48
6,2024,2,2,0,10739.07,3996,24.54,44,31415,4,3,0.961,0.0484,93.5,251,1,3844
7,2024,2,2,0,7752.77,3647,17.45,31,20125,3,1,0.927,0.0351,96.3,179,9,1322.95
8,2024,2,2,0,21363.52,4687,22.37,41,31843,3,6,0.887,0.0371,103.6,264,2,3504.94
9,2024,2,2,0,10008.67,4897,18.44,43,32324,5,2,0.965,0.0359,100.2,251,5,2395.4
10,2024,2,2,0,18603.22,4731,20.32,38,29510,4,5,0.959,0.0348,113.9,249,9,2504.39
11,2024,2,2,0,14793.62,4039,22.85,32,28072,2,2,0.949,0.0343,103.1,231,8,3252.92
12,2024,2,2,0,15484.45,4175,21.62,49,39203,5,3,0.935,0.0396,102.1,325,9,4573.41
13,2024,2,2,0,12220.71,3809,19.05,43,29344,4,5,0.923,0.0388,96.9,239,5,2865.42
14,2024,2,2,0,21708.22,4636,28.5,39,30107,3,0,0.941,0.037,126.3,244,3,5685.97
15,2024,2,2,0,8520.19,3658,19.12,21,15145,3,3,0.923,0.0397,100.8,131,2,1891.2
16,2024,2,2,0,15831.7,4047,16.52,34,23502,4,3,0.93,0.0436,106.7,202,13,2777.63
17,2024,2,2,0,7925.46,3343,22.55,37,29653,4,2,0.932,0.0389,103.6,251,9,2712.11
18,2024,2,2,0,17556.59,4309,26.53,37,28051,4,3,0.967,0.0419,91.4,239,17,3096.42
19,2024,2,2,0,8066.83,4363,21.98,40,28971,1,2,0.945,0.04,111.3,243,3,2915.1
20,2024,2,2,0,17584.44,4484,21.9,45,34465,3,3,0.951,0.0374,106.5,288,21,3281.03
21,2024,2,2,0,31194.93,5611,23.19,34,24435,5,5,0.95,0.0417,108.6,202,10,3784.36
22,2024,2,2,0,11617.82,4441,26.44,39,30410,0,4,0.95,0.0273,121.2,243,9,4272.7
23,2024,2,2,0,7896.8,3500,19.02,44,32335,3,8,0.945,0.0287,92.8,272,9,2096.42
24,2024,2,2,0,14767.89,4352,18.43,36,25722,4,1,0.936,0.0379,93.6,218,1,2398.57
25,2024,2,2,0,8479.08,3528,31.26,30,20992,3,1,0.936,0.039,108.2,177,4,3662.25
26,2024,2,2,0,6592.97,3296,23.7,37,26106,4,2,0.955,0.0432,105.3,210,13,2760.5
27,2024,2,2,0,8061.79,3727,15.54,33,23660,3,6,0.96,0.0338,96.2,177,9,1579.45
28,2024,2,2,0,15535.72,4185,27.21,35,24338,3,2,0.968,0.0341,122.5,191,7,2094.25
29,2024,2,2,0,13417.24,4405,20.47,33,25101,3,3,0.938,0.0399,94.4,237,8,2825.6
30,2024,2,2,0,5200.66,3351,19.94,35,26794,3,6,0.949,0.0352,107.9,208,15,1845.5
31,2024,2,2,0,14576.06,3890,23.97,33,21874,1,5,0.947,0.027,110.2,173,9,3240.94
32,2024,2,2,0,10802.83,3827,21.72,24,13486,1,5,0.94,0.0366,85.4,126,4,2643.58
33,2024,2,2,0,15622.11,4556,26.98,40,30773,2,4,0.929,0.0406,96.3,254,9,2962.84
34,2024,2,2,0,11263.69,3817,25.46,40,30368,3,1,0.949,0.0392,107.5,242,7,3097.15
35,2024,2,2,0,17362.45,5488,16.49,37,30296,2,2,0.958,0.0227,116.3,254,5,2430.15
36,2024,2,2,0,9949.36,3446,22.52,30,21350,2,2,0.948,0.0387,116.3,196,1,2284.38
37,2024,2,2,0,19133.77,6359,21.31,43,34897,4,3,0.952,0.0255,109.3,291,10,6122.95
38,2024,2,2,0,14839.86,4131,22.07,41,26683,3,6,0.963,0.0377,90.7,228,8,3530.55
39,2024,2,2,0,9920.35,3575,23.05,27,20121,2,1,0.912,0.0365,92.8,161,1,3436.32
40,2024,2,2,0,12726.43,4507,23.05,42,29999,3,3,0.949,0.0345,111.6,267,11,2877.9
1,2024,3,3,0,7020.8,3806,27.93,41,29476,3,1,0.971,0.0357,98.3,263,11,3642.38
2,2024,3,3,0,15454.32,4210,19.98,35,21933,3,3,0.957,0.0319,93.7,171,5,2309.55
3,2024,3,3,0,9555.59,3467,17.03,46,36259,3,1,0.922,0.0379,97.3,285,8,2196.4
4,2024,3,3,0,10259.01,3881,24.77,31,21798,2,2,0.965,0.0339,111.4,174,9,2062.3
5,2024,3,3,0,13357.05,6812,21.32,58,45448,2,2,0.949,0.0283,114.3,389,9,4223.42
6,2024,3,3,0,18356.24,5035,24.99,44,31415,3,3,0.95,0.0414,93.5,251,1,5226.28
7,2024,3,3,0,14351.64,3828,17.41,30,20125,3,1,0.941,0.0402,96.3,179,9,1622.13
8,2024,3,3,0,22169.1,4847,22.14,42,31843,5,6,0.965,0.046,103.6,264,2,3263.74
9,2024,3,3,0,15177.46,5704,18.8,40,32324,3,2,0.965,0.0317,100.2,251,5,2864.15
10,2024,3,3,0,10284.5,4335,21.07,42,29510,3,5,0.963,0.0382,113.9,249,9,2373.71
11,2024,3,3,0,11096.47,3895,23.79,39,28072,4,2,0.921,0.0393,103.1,231,8,2862.24
12,2024,3,3,0,9231.59,4063,21.82,51,39203,3,3,0.973,0.0446,102.1,325,9,3985.79
13,2024,3,3,0,8016.7,3795,18.24,36,29344,1,5,0.95,0.0331,96.9,239,5,2285.14
14,2024,3,3,0,7431.44,3911,29,39,30107,4,0,0.975,0.0414,126.3,244,3,3830.63
15,2024,3,3,0,12961.01,4206,18.08,26,15145,6,3,0.949,0.0378,100.8,131,2,2389.42
16,2024,3,3,0,15950.19,4337,16.5,31,23502,6,3,0.929,0.0313,106.7,202,13,3014.73
17,2024,3,3,0,16087.43,3972,23.39,40,29653,2,2,0.943,0.0437,103.6,251,9,3784.59
18,2024,3,3,0,12042.24,3530,26.67,37,28051,3,3,0.985,0.0401,91.4,239,17,2590.06
19,2024,3,3,0,11725.24,5333,21.61,35,28971,2,2,0.921,0.0296,111.3,243,3,3610.85
20,2024,3,3,0,20088.29,5013,21.62,46,34465,4,3,0.953,0.0424,106.5,288,21,4273.14
21,2024,3,3,0,28758.82,5332,23.6,35,24435,3,5,0.91,0.0369,108.6,202,10,3469.86
22,2024,3,3,0,16712.05,5291,25.24,40,30410,4,4,0.938,0.0443,121.2,243,9,5142.06
23,2024,3,3,0,13757.32,4329,18.45,40,32335,3,8,0.944,0.0345,92.8,272,9,2518.04
24,2024,3,3,0,10620.98,4074,18.31,33,25722,4,1,0.938,0.0373,93.6,218,1,2509.7
25,2024,3,3,0,11901.71,4056,29.86,30,20992,3,1,0.913,0.0419,108.2,177,4,4092.5
26,2024,3,3,0,12199.83,3830,24.18,39,26106,4,2,0.945,0.0405,105.3,210,13,3155.92
27,2024,3,3,0,17591.66,4561,15.91,34,23660,6,6,0.924,0.0309,96.2,177,9,2374.62
28,2024,3,3,0,6876.59,4105,28.46,33,24338,5,2,0.918,0.0404,122.5,191,7,2318.07
29,2024,3,3,0,18109.09,4501,21.3,35,25101,4,3,0.946,0.0335,94.4,237,8,3360.42
30,2024,3,3,0,7810.2,3669,19.86,41,26794,3,6,0.916,0.0353,107.9,208,15,2409.13
31,2024,3,3,0,23435.51,4348,24.2,33,21874,3,5,0.935,0.0368,110.2,173,9,4156.98
32,2024,3,3,0,15808.89,4216,21.93,23,13486,3,5,0.946,0.0391,85.4,126,4,3786.64
33,2024,3,3,0,14040.7,4620,25.97,40,30773,4,4,0.957,0.0375,96.3,254,9,2760.12
34,2024,3,3,0,9537.83,4128,26.44,39,30368,4,1,0.944,0.0406,107.5,242,7,3090
35,2024,3,3,0,16176.36,5813,16.95,38,30296,4,2,0.931,0.0321,116.3,254,5,2483.35
36,2024,3,3,0,12677.74,4269,21.85,29,21350,6,2,0.897,0.0425,116.3,196,1,2804.9
37,2024,3,3,0,16489.88,6304,22.06,44,34897,4,3,0.919,0.0406,109.3,291,10,4689.45
38,2024,3,3,0,10166.07,3510,21.8,40,26683,2,6,0.909,0.0343,90.7,228,8,2884.43
39,2024,3,3,0,13096.83,4221,23.28,30,20121,3,1,0.905,0.0358,92.8,161,1,4244.55
40,2024,3,3,0,8312.13,4964,21.43,39,29999,5,3,0.928,0.0315,111.6,267,11,2848.17
1,2024,4,4,0,18113.96,4345,27.84,41,29476,3,1,0.934,0.0407,98.3,263,11,4743.45
2,2024,4,4,0,31111.95,5180,20.76,30,21933,5,3,0.941,0.0409,93.7,171,5,3479.66
3,2024,4,4,0,11187.41,4027,17.53,47,36259,3,1,0.934,0.0322,97.3,285,8,2303.62
4,2024,4,4,0,24503.52,5647,25.18,29,21798,4,2,0.921,0.0384,111.4,174,9,3875.34
5,2024,4,4,0,15256.29,6760,22.32,56,45448,4,2,0.937,0.0407,114.3,389,9,4994.67
6,2024,4,4,0,6860.53,3998,24.42,43,31415,4,3,0.925,0.044,93.5,251,1,3472.51
7,2024,4,4,0,17702.92,4571,17.36,27,20125,3,1,0.952,0.0299,96.3,179,9,2229.33
8,2024,4,4,0,9956.28,3803,21.98,39,31843,2,6,0.931,0.0269,103.6,264,2,2822.61
9,2024,4,4,0,19804.77,6072,18.87,43,32324,3,2,0.928,0.0409,100.2,251,5,3411.23
10,2024,4,4,0,7032.64,3854,21.51,44,29510,4,5,0.956,0.0367,113.9,249,9,2403.5
11,2024,4,4,0,6663.94,3490,23.44,38,28072,2,2,0.959,0.0409,103.1,231,8,2413.41
12,2024,4,4,0,22929.44,5117,21.7,51,39203,4,3,0.96,0.0467,102.1,325,9,5751.38
13,2024,4,4,0,6595.87,3616,19.29,39,29344,2,5,0.961,0.0371,96.9,239,5,2708.07
14,2024,4,4,0,11039.05,3995,29.32,41,30107,3,0,0.966,0.04,126.3,244,3,3867.76
15,2024,4,4,0,8857.98,3595,18.77,27,15145,2,3,0.95,0.0301,100.8,131,2,1968.55
16,2024,4,4,0,6559.34,3710,16.18,34,23502,3,3,0.92,0.0395,106.7,202,13,2282.4
17,2024,4,4,0,12991.09,4183,22.67,40,29653,3,2,0.909,0.0346,103.6,251,9,3456.24
18,2024,4,4,0,13294.83,4076,26.22,37,28051,4,3,0.926,0.0394,91.4,239,17,2995.88
19,2024,4,4,0,7872.47,4590,20.95,37,28971,3,2,0.977,0.0351,111.3,243,3,2548.9
20,2024,4,4,0,5394.34,3859,22.44,45,34465,3,3,0.967,0.0345,106.5,288,21,2556.4
21,2024,4,4,0,6247,3709,22.03,33,24435,2,5,0.948,0.0353,108.6,202,10,1660.05
22,2024,4,4,0,11120.72,4398,27.05,39,30410,2,4,0.978,0.0313,121.2,243,9,3965.71
23,2024,4,4,0,7740.13,4358,19.07,43,32335,3,8,0.899,0.0386,92.8,272,9,2285.97
24,2024,4,4,0,9490.97,3945,18.1,39,25722,2,1,0.946,0.0398,93.6,218,1,1908.23
25,2024,4,4,0,7047.16,3579,30.15,31,20992,1,1,0.951,0.03,108.2,177,4,3660.59
26,2024,4,4,0,13207.14,3929,23.11,36,26106,4,2,0.934,0.0422,105.3,210,13,3416.99
27,2024,4,4,0,8535.98,3758,15.43,35,23660,3,6,0.966,0.0311,96.2,177,9,1661.29
28,2024,4,4,0,8839.51,3994,28.13,35,24338,4,2,0.902,0.0392,122.5,191,7,2140.02
29,2024,4,4,0,12163.84,3921,21.58,34,25101,2,3,0.959,0.0396,94.4,237,8,2755.61
30,2024,4,4,0,8814.75,3691,19.77,35,26794,1,6,0.941,0.0353,107.9,208,15,2264.18
31,2024,4,4,0,11729.3,3957,25.16,31,21874,4,5,0.929,0.0363,110.2,173,9,3303.12
32,2024,4,4,0,16235.06,4365,21.45,27,13486,3,5,0.916,0.0345,85.4,126,4,3679.29
33,2024,4,4,0,23730.08,5036,27.34,43,30773,3,4,0.938,0.0345,96.3,254,9,3655.72
34,2024,4,4,0,11825.65,3771,26.46,38,30368,4,1,0.942,0.0427,107.5,242,7,3068.61
35,2024,4,4,0,10530.1,5091,16.7,41,30296,3,2,0.934,0.0335,116.3,254,5,2205.81
36,2024,4,4,0,11151.64,4355,21.72,33,21350,3,2,0.953,0.0373,116.3,196,1,2779.5
37,2024,4,4,0,4623.65,5199,22.34,45,34897,3,3,0.936,0.0351,109.3,291,10,4139.35
38,2024,4,4,0,10312.97,4034,21.75,34,26683,5,6,0.927,0.0299,90.7,228,8,3587.91
39,2024,4,4,0,15897.53,4250,23.45,27,20121,4,1,0.959,0.0345,92.8,161,1,3588.47
40,2024,4,4,0,10957.94,5121,21.77,41,29999,3,3,0.949,0.0429,111.6,267,11,2840.1
1,2024,5,5,0,14683.72,4156,27.62,36,29476,4,1,0.929,0.0456,98.3,263,11,3944.17
2,2024,5,5,0,8519.58,3727,20.74,31,21933,2,3,0.944,0.0408,93.7,171,5,1920.35
3,2024,5,5,0,20309.93,4445,17.34,51,36259,4,1,0.935,0.0305,97.3,285,8,3367.44
4,2024,5,5,0,23584.32,4910,25.91,31,21798,5,2,0.907,0.0531,111.4,174,9,3548.4
5,2024,5,5,0,9856.43,6553,21.12,56,45448,4,2,0.955,0.0382,114.3,389,9,3416.6
6,2024,5,5,0,12368.31,4218,24.32,42,31415,4,3,0.941,0.037,93.5,251,1,3945.65
7,2024,5,5,0,12152.12,4204,17.95,31,20125,4,1,0.922,0.037,96.3,179,9,1898.32
8,2024,5,5,0,10457.1,3895,21.91,37,31843,3,6,0.948,0.0302,103.6,264,2,2533.94
9,2024,5,5,0,25662.07,6889,19.39,43,32324,5,2,0.926,0.0365,100.2,251,5,3450.42
10,2024,5,5,0,19285.72,4930,20.74,39,29510,5,5,0.948,0.046,113.9,249,9,2904.55
11,2024,5,5,0,14135.4,4161,23.86,38,28072,3,2,0.942,0.0369,103.1,231,8,3325.18
12,2024,5,5,0,14188.2,4810,21.67,48,39203,3,3,0.945,0.0401,102.1,325,9,5475.67
13,2024,5,5,0,18180.49,4512,18.6,34,29344,4,5,0.935,0.0393,96.9,239,5,3643.34
14,2024,5,5,0,10556.61,4237,28.29,41,30107,1,0,0.946,0.0378,126.3,244,3,4453.05
15,2024,5,5,0,8675.9,3872,18.59,26,15145,3,3,0.95,0.0314,100.8,131,2,2202.21
16,2024,5,5,0,27626.95,5285,16.13,33,23502,3,3,0.933,0.0199,106.7,202,13,4518.21
17,2024,5,5,0,16266.52,4567,22.63,42,29653,2,2,0.965,0.0344,103.6,251,9,3968.55
18,2024,5,5,0,11387.73,4304,26.16,36,28051,4,3,0.941,0.048,91.4,239,17,2719.62
19,2024,5,5,0,11739.92,4813,21.69,36,28971,2,2,0.917,0.0383,111.3,243,3,3592.73
20,2024,5,5,0,6006.26,3853,23.28,44,34465,4,3,0.998,0.033,106.5,288,21,2515.01
21,2024,5,5,0,12893.92,4152,23.02,33,24435,4,5,0.935,0.0345,108.6,202,10,2360.7
22,2024,5,5,0,9575.7,4076,26.99,39,30410,1,4,0.945,0.0358,121.2,243,9,3457.54
23,2024,5,5,0,13702.33,4136,19.56,43,32335,2,8,0.931,0.0333,92.8,272,9,2736.99
24,2024,5,5,0,11878.25,3983,18.45,34,25722,3,1,0.902,0.0401,93.6,218,1,2339.86
25,2024,5,5,0,8806.8,4168,30.63,28,20992,5,1,0.948,0.0473,108.2,177,4,3962.29
26,2024,5,5,0,14369.46,4125,24.29,32,26106,3,2,0.978,0.0343,105.3,210,13,3577.72
27,2024,5,5,0,10031.42,3884,15.22,33,23660,2,6,0.945,0.0309,96.2,177,9,1826.21
28,2024,5,5,0,18066.21,4804,28.2,33,24338,3,2,0.972,0.037,122.5,191,7,3197.83
29,2024,5,5,0,13739.15,3734,21.2,32,25101,2,3,0.953,0.0327,94.4,237,8,2738.99
30,2024,5,5,0,11914.41,4256,20.03,34,26794,2,6,0.919,0.033,107.9,208,15,2635.93
31,2024,5,5,0,15075.56,4269,24.73,33,21874,3,5,0.954,0.0335,110.2,173,9,3409.22
32,2024,5,5,0,12525.79,4137,22.33,23,13486,3,5,0.912,0.0466,85.4,126,4,3361.82
33,2024,5,5,0,15862.24,4706,26.99,38,30773,2,4,0.939,0.0376,96.3,254,9,3259.03
34,2024,5,5,0,7329.38,3745,26.14,44,30368,2,1,0.958,0.0365,107.5,242,7,3146.36
35,2024,5,5,0,5965.65,4916,15.68,35,30296,3,2,0.947,0.0324,116.3,254,5,1598.44
36,2024,5,5,0,41439.16,6193,22.15,30,21350,4,2,0.937,0.037,116.3,196,1,5925.15
37,2024,5,5,0,19216.72,7978,21.25,44,34897,4,3,0.937,0.0441,109.3,291,10,6854.41
38,2024,5,5,0,13098.43,3890,20.51,38,26683,2,6,0.95,0.028,90.7,228,8,3072.71
39,2024,5,5,0,12162.95,3950,22.85,32,20121,3,1,0.911,0.0369,92.8,161,1,3862.3
40,2024,5,5,0,12796.13,5062,21.61,39,29999,5,3,0.956,0.0417,111.6,267,11,3120.25
1,2024,6,6,0,5601.51,3850,27.62,38,29476,4,1,0.918,0.0343,98.3,263,11,2935.95
2,2024,6,6,0,16011.47,4205,21.48,29,21933,3,3,0.933,0.038,93.7,171,5,2576.87
3,2024,6,6,0,15330.43,3804,16.92,42,36259,2,1,0.936,0.031,97.3,285,8,2426.65
4,2024,6,6,0,19732.54,4695,25.12,28,21798,5,2,0.928,0.0393,111.4,174,9,2940.63
5,2024,6,6,0,9239.81,6664,21.27,55,45448,3,2,0.926,0.043,114.3,389,9,3577.3
6,2024,6,6,0,6282.62,3535,23.93,42,31415,3,3,0.972,0.0413,93.5,251,1,2591.09
7,2024,6,6,0,6641.88,3480,17.31,28,20125,5,1,0.933,0.0375,96.3,179,9,1490.71
8,2024,6,6,0,6857.04,3425,22.55,43,31843,1,6,0.97,0.0335,103.6,264,2,2336.28
9,2024,6,6,0,11667.63,4790,18.71,44,32324,1,2,0.94,0.0305,100.2,251,5,2072.28
10,2024,6,6,0,23416.61,5668,21.18,39,29510,3,5,0.952,0.0354,113.9,249,9,3693.06
11,2024,6,6,0,16511.33,4541,24.12,35,28072,1,2,0.951,0.0373,103.1,231,8,3490.59
12,2024,6,6,0,5953.36,4250,22.54,49,39203,2,3,0.954,0.0304,102.1,325,9,3918.21
13,2024,6,6,0,12504.31,4262,19.42,40,29344,1,5,0.916,0.0379,96.9,239,5,3913.09
14,2024,6,6,0,7074.91,4067,28.83,37,30107,4,0,0.959,0.0394,126.3,244,3,4226.36
15,2024,6,6,0,6160.77,3479,18.92,25,15145,1,3,0.964,0.0341,100.8,131,2,1937.52
16,2024,6,6,0,11423.27,4009,16.1,37,23502,4,3,0.984,0.0362,106.7,202,13,2388.88
17,2024,6,6,0,20741.54,4894,23.3,42,29653,4,2,0.93,0.0445,103.6,251,9,4472.83
18,2024,6,6,0,15787.99,4577,26.87,36,28051,1,3,0.96,0.0366,91.4,239,17,3408.12
19,2024,6,6,0,8048.86,5398,22.55,39,28971,5,2,0.929,0.0373,111.3,243,3,3734.34
20,2024,6,6,0,14280.33,4343,22.41,45,34465,3,3,0.954,0.0415,106.5,288,21,3137.13
21,2024,6,6,0,19029.03,4435,23.07,32,24435,2,5,0.933,0.0308,108.6,202,10,2672.05
22,2024,6,6,0,11014.87,5086,26.16,37,30410,4,4,0.925,0.0408,121.2,243,9,4864.89
23,2024,6,6,0,12997.42,4900,19.09,40,32335,4,8,0.946,0.0368,92.8,272,9,3077.98
24,2024,6,6,0,13259.14,4235,19.35,35,25722,4,1,0.944,0.043,93.6,218,1,2285.5
25,2024,6,6,0,5466.75,3725,29.58,30,20992,2,1,0.928,0.0317,108.2,177,4,3464.59
26,2024,6,6,0,16944.17,4595,24.41,37,26106,2,2,0.97,0.0472,105.3,210,13,4115.08
27,2024,6,6,0,12537.64,3895,15.92,36,23660,3,6,0.927,0.0408,96.2,177,9,2149
28,2024,6,6,0,10377.65,4318,28.72,37,24338,4,2,0.963,0.0556,122.5,191,7,2700.95
29,2024,6,6,0,12239.13,4272,21.04,39,25101,4,3,0.937,0.0343,94.4,237,8,3138.92
30,2024,6,6,0,16975.68,4514,20.28,33,26794,3,6,0.953,0.0447,107.9,208,15,3066.79
31,2024,6,6,0,7196.29,4037,24.32,34,21874,2,5,0.952,0.0423,110.2,173,9,3201.36
32,2024,6,6,0,11552.04,4164,21.91,20,13486,3,5,0.943,0.0407,85.4,126,4,3340.54
33,2024,6,6,0,11243.89,4113,26.86,42,30773,2,4,0.948,0.0386,96.3,254,9,2454.43
34,2024,6,6,0,9485.5,3884,25.31,41,30368,3,1,0.965,0.0503,107.5,242,7,2690.44
35,2024,6,6,0,14858.76,5860,16.55,37,30296,3,2,0.927,0.0332,116.3,254,5,2218.52
36,2024,6,6,0,16673.94,4343,22.17,30,21350,2,2,0.949,0.0313,116.3,196,1,3130.41
37,2024,6,6,0,22132.35,7029,22.8,47,34897,3,3,0.915,0.0389,109.3,291,10,5874.1
38,2024,6,6,0,25339.08,5405,21.21,34,26683,4,6,0.931,0.0388,90.7,228,8,5106.4
39,2024,6,6,0,9886.83,4117,23.36,31,20121,3,1,0.94,0.038,92.8,161,1,3846.32
40,2024,6,6,0,6644.98,4564,22.53,38,29999,3,3,0.927,0.0409,111.6,267,11,2842.65
1,2024,7,7,0,11262.65,4158,28.37,36,29476,2,1,0.963,0.0319,98.3,263,11,3633.92
2,2024,7,7,0,22571.36,4944,20.75,31,21933,3,3,0.953,0.032,93.7,171,5,3285.22
3,2024,7,7,0,10301.72,4031,17.52,45,36259,2,1,0.922,0.0407,97.3,285,8,2610.93
4,2024,7,7,0,17647.06,4632,24.42,35,21798,3,2,0.929,0.0403,111.4,174,9,3153.22
5,2024,7,7,0,11889.87,6925,22.01,53,45448,4,2,0.961,0.0254,114.3,389,9,4204.9
6,2024,7,7,0,6770.49,3977,24.18,40,31415,2,3,0.924,0.0476,93.5,251,1,3684.98
7,2024,7,7,0,7538.93,4014,17.43,30,20125,4,1,0.929,0.0416,96.3,179,9,1654.2
8,2024,7,7,0,9917.35,4111,21.95,38,31843,2,6,0.922,0.0336,103.6,264,2,2869.62
9,2024,7,7,0,19387.46,6188,18.74,46,32324,3,2,0.937,0.0282,100.2,251,5,3682.43
10,2024,7,7,0,16720.51,4939,21.09,38,29510,3,5,0.894,0.0354,113.9,249,9,3458.08
11,2024,7,7,0,9321.71,4030,23.45,38,28072,3,2,0.925,0.0444,103.1,231,8,2930.17
12,2024,7,7,0,9421.03,4089,22.48,50,39203,3,3,0.964,0.0344,102.1,325,9,4057.84
13,2024,7,7,0,34468.96,6439,18.64,34,29344,5,5,0.913,0.0343,96.9,239,5,5564.71
14,2024,7,7,0,21146.44,4937,28.74,40,30107,4,0,0.945,0.0427,126.3,244,3,5715.87
15,2024,7,7,0,17668.4,4713,18.73,26,15145,4,3,0.92,0.0354,100.8,131,2,2933.19
16,2024,7,7,0,17270.38,4646,15.85,33,23502,3,3,0.948,0.0385,106.7,202,13,3441.64
17,2024,7,7,0,9461.42,4297,22.43,41,29653,2,2,0.94,0.034,103.6,251,9,3744.73
18,2024,7,7,0,14689.45,4316,26,39,28051,4,3,0.919,0.0393,91.4,239,17,2901.29
19,2024,7,7,0,10982.1,4611,22.11,41,28971,2,2,0.966,0.031,111.3,243,3,3541.17
20,2024,7,7,0,11675.91,4232,22.09,46,34465,3,3,0.956,0.0426,106.5,288,21,3022.41
21,2024,7,7,0,30410.45,6089,23.3,34,24435,3,5,0.944,0.0357,108.6,202,10,4418.36
22,2024,7,7,0,9857.99,5001,26.06,41,30410,2,4,0.948,0.0436,121.2,243,9,4149.84
23,2024,7,7,0,10050.29,4399,18.87,42,32335,3,8,0.935,0.0361,92.8,272,9,2482.04
24,2024,7,7,0,8285.86,4009,18.38,35,25722,3,1,0.946,0.033,93.6,218,1,2316.71
25,2024,7,7,0,7516.6,3613,32.28,28,20992,2,1,0.961,0.0298,108.2,177,4,3669.65
26,2024,7,7,0,28310.61,5514,23.07,33,26106,2,2,0.968,0.033,105.3,210,13,5497.09
27,2024,7,7,0,20926.34,4848,15.84,29,23660,5,6,0.931,0.0366,96.2,177,9,2705.95
28,2024,7,7,0,18773.84,5225,28.43,36,24338,5,2,0.941,0.0487,122.5,191,7,3439.64
29,2024,7,7,0,27331.26,5326,20.97,34,25101,2,3,0.971,0.0344,94.4,237,8,3787.02
30,2024,7,7,0,16808.96,4303,19.27,36,26794,4,6,0.929,0.0331,107.9,208,15,3199.44
31,2024,7,7,0,12574.09,4286,25.43,29,21874,2,5,0.93,0.0349,110.2,173,9,3873.33
32,2024,7,7,0,14783.13,4516,22.01,24,13486,5,5,0.944,0.0432,85.4,126,4,3706.7
33,2024,7,7,0,5832.27,3901,27.02,39,30773,3,4,0.974,0.042,96.3,254,9,2180.29
34,2024,7,7,0,7614.8,3865,26.57,40,30368,2,1,0.956,0.0332,107.5,242,7,3200.25
35,2024,7,7,0,20615.16,5934,16.01,35,30296,3,2,0.917,0.0347,116.3,254,5,2575.97
36,2024,7,7,0,7006.04,3543,22.15,32,21350,3,2,0.941,0.0302,116.3,196,1,2332.74
37,2024,7,7,0,16421.07,6043,21.94,43,34897,2,3,0.953,0.0336,109.3,291,10,5289.76
38,2024,7,7,0,7733.36,3660,20.91,34,26683,2,6,0.966,0.031,90.7,228,8,2775.75
39,2024,7,7,0,10304.71,3818,23.29,31,20121,2,1,0.962,0.0314,92.8,161,1,3592.94
40,2024,7,7,0,14837.83,5625,21.73,39,29999,3,3,0.896,0.0277,111.6,267,11,3796.34
1,2024,8,8,0,18170.13,4665,28.18,40,29476,2,1,0.905,0.0337,98.3,263,11,4713.86
2,2024,8,8,0,15897.51,4788,20.2,29,21933,6,3,0.964,0.0426,93.7,171,5,2609.68
3,2024,8,8,0,17603.61,4875,17.04,47,36259,4,1,0.966,0.0362,97.3,285,8,3094.48
4,2024,8,8,0,19605.62,4849,25.51,29,21798,2,2,0.941,0.0431,111.4,174,9,3295.81
5,2024,8,8,0,7356.75,6271,22.21,57,45448,4,2,0.936,0.0398,114.3,389,9,3518.68
6,2024,8,8,0,23614.13,5312,23.01,42,31415,4,3,0.941,0.0377,93.5,251,1,5182.32
7,2024,8,8,0,18779.8,4728,17.45,30,20125,4,1,0.926,0.0396,96.3,179,9,2500.26
8,2024,8,8,0,22222.01,4897,22.04,43,31843,5,6,0.954,0.0384,103.6,264,2,3387.45
9,2024,8,8,0,13422.4,5125,18.11,41,32324,0,2,0.943,0.0212,100.2,251,5,2604.54
10,2024,8,8,0,14032.7,4879,20.96,41,29510,4,5,0.927,0.0371,113.9,249,9,2765.96
11,2024,8,8,0,11492,4159,24.14,40,28072,4,2,0.969,0.0391,103.1,231,8,3322.33
12,2024,8,8,0,11895.54,4705,22.9,48,39203,4,3,0.968,0.0388,102.1,325,9,4448.78
13,2024,8,8,0,28278.72,5116,18.85,41,29344,3,5,0.924,0.0367,96.9,239,5,4043.47
14,2024,8,8,0,10694.66,4516,28.67,37,30107,3,0,0.946,0.0475,126.3,244,3,4361.23
15,2024,8,8,0,8439.32,4229,18.79,22,15145,3,3,0.932,0.0262,100.8,131,2,2466.82
16,2024,8,8,0,9807.89,3700,15.67,36,23502,2,3,0.947,0.0364,106.7,202,13,2419.87
17,2024,8,8,0,11717.05,3846,22.54,40,29653,1,2,0.952,0.0367,103.6,251,9,3421.8
18,2024,8,8,0,7348.05,4230,27.04,38,28051,5,3,0.987,0.0363,91.4,239,17,2666.7
19,2024,8,8,0,4634.53,4429,21.85,38,28971,3,2,0.903,0.0388,111.3,243,3,3160.32
20,2024,8,8,0,9473.51,4186,21.47,45,34465,3,3,0.929,0.0329,106.5,288,21,2615.65
21,2024,8,8,0,13983.53,4153,22.68,34,24435,2,5,0.982,0.0311,108.6,202,10,2274.53
22,2024,8,8,0,8113.94,4973,26.62,38,30410,5,4,0.944,0.0446,121.2,243,9,4441.15
23,2024,8,8,0,8891.9,3833,18.7,45,32335,3,8,0.975,0.0348,92.8,272,9,2212.99
24,2024,8,8,0,16746.17,4337,18.75,30,25722,3,1,0.926,0.0291,93.6,218,1,2676.51
25,2024,8,8,0,14002.09,4477,30.73,29,20992,4,1,0.944,0.048,108.2,177,4,4875.08
26,2024,8,8,0,12147.18,4045,23.71,35,26106,2,2,0.951,0.0394,105.3,210,13,3485.85
27,2024,8,8,0,12077.65,3817,15.76,31,23660,3,6,0.93,0.0362,96.2,177,9,1842.77
28,2024,8,8,0,10911.14,4599,28.83,32,24338,4,2,0.965,0.0368,122.5,191,7,2612.46
29,2024,8,8,0,19323.9,4615,20.25,32,25101,3,3,0.921,0.0341,94.4,237,8,3347.29
30,2024,8,8,0,21537.78,5168,20.48,39,26794,3,6,0.95,0.0264,107.9,208,15,4013.11
31,2024,8,8,0,18251.85,4732,25.86,33,21874,3,5,0.966,0.0406,110.2,173,9,3638.94
32,2024,8,8,0,9828.15,3894,21.69,23,13486,4,5,0.978,0.0473,85.4,126,4,2842.29
33,2024,8,8,0,12728.27,4694,27.15,41,30773,2,4,0.953,0.0523,96.3,254,9,2738.14
34,2024,8,8,0,6053.67,3605,25.09,37,30368,2,1,0.928,0.0318,107.5,242,7,2603.87
35,2024,8,8,0,9800.48,5256,16.5,38,30296,3,2,0.951,0.0245,116.3,254,5,1645.12
36,2024,8,8,0,13781.86,4560,22.84,31,21350,4,2,0.938,0.0409,116.3,196,1,3480.32
37,2024,8,8,0,5131.05,6121,23.23,45,34897,3,3,0.931,0.0375,109.3,291,10,4710.06
38,2024,8,8,0,4942.49,3792,21.09,38,26683,2,6,0.952,0.0387,90.7,228,8,2690.34
39,2024,8,8,0,19407.88,4839,23.4,29,20121,3,1,0.936,0.0426,92.8,161,1,4616.09
40,2024,8,8,0,7731.79,5198,21.67,39,29999,4,3,0.93,0.0378,111.6,267,11,3346.61
1,2024,9,9,0,22210.47,4630,28.16,41,29476,5,1,0.922,0.0323,98.3,263,11,5585.35
2,2024,9,9,0,8493.62,3723,19.92,33,21933,3,3,0.918,0.0382,93.7,171,5,1767.88
3,2024,9,9,0,8584.38,3297,16.9,46,36259,1,1,0.918,0.0304,97.3,285,8,1898.61
4,2024,9,9,0,26621.56,5448,24.85,32,21798,6,2,0.926,0.0369,111.4,174,9,3754.65
5,2024,9,9,0,11198.37,6191,21.73,53,45448,3,2,0.946,0.0388,114.3,389,9,3455.17
6,2024,9,9,0,17394.31,4440,24.05,40,31415,2,3,0.935,0.0454,93.5,251,1,3861.29
7,2024,9,9,0,31861.4,6208,17.6,31,20125,5,1,0.92,0.0332,96.3,179,9,3374.64
8,2024,9,9,0,12155.28,3978,22.36,45,31843,1,6,0.942,0.0301,103.6,264,2,2887.91
9,2024,9,9,0,8624.21,4991,19.5,42,32324,5,2,0.961,0.0452,100.2,251,5,2455.79
10,2024,9,9,0,9720.96,3855,21.14,40,29510,2,5,0.937,0.0278,113.9,249,9,2229.55
11,2024,9,9,0,14959.01,4253,23.67,34,28072,3,2,0.943,0.0342,103.1,231,8,3138.48
12,2024,9,9,0,12897.39,4243,21.58,52,39203,2,3,0.944,0.0398,102.1,325,9,5384.41
13,2024,9,9,0,7294.44,3582,18.52,38,29344,3,5,0.921,0.0351,96.9,239,5,2311.5
14,2024,9,9,0,17525.02,4395,29.07,39,30107,3,0,0.95,0.0347,126.3,244,3,4638.93
15,2024,9,9,0,8508.46,3596,18.07,27,15145,2,3,0.969,0.0384,100.8,131,2,1750.56
16,2024,9,9,0,7764.35,3938,16.81,33,23502,5,3,0.927,0.0406,106.7,202,13,2378.23
17,2024,9,9,0,5322.62,3441,22.92,37,29653,1,2,0.927,0.0295,103.6,251,9,2813.16
18,2024,9,9,0,13248.69,4399,27.1,39,28051,3,3,0.935,0.0374,91.4,239,17,2818.14
19,2024,9,9,0,10107.87,4496,22.25,40,28971,4,2,0.964,0.0299,111.3,243,3,3448.24
20,2024,9,9,0,10358.35,3937,21.58,46,34465,4,3,0.929,0.0338,106.5,288,21,2291.98
21,2024,9,9,0,12462.42,4610,24.08,34,24435,5,5,0.945,0.0445,108.6,202,10,2537.65
22,2024,9,9,0,12973.87,4810,26.03,40,30410,4,4,0.959,0.0357,121.2,243,9,4571.8
23,2024,9,9,0,25782.83,5344,19.42,42,32335,5,8,0.96,0.0475,92.8,272,9,3235.29
24,2024,9,9,0,7090.32,3536,18.33,34,25722,4,1,0.931,0.0302,93.6,218,1,2134.63
25,2024,9,9,0,11892.79,4205,30.94,32,20992,3,1,0.965,0.0383,108.2,177,4,4244.47
26,2024,9,9,0,16322.09,4471,24.02,36,26106,3,2,0.908,0.0416,105.3,210,13,3984.43
27,2024,9,9,0,15924.99,4650,16.43,36,23660,4,6,0.971,0.0377,96.2,177,9,2503.86
28,2024,9,9,0,17013.95,4630,28.35,35,24338,4,2,0.925,0.0486,122.5,191,7,3054.66
29,2024,9,9,0,27231.92,5195,20.95,35,25101,2,3,0.954,0.036,94.4,237,8,3802.57
30,2024,9,9,0,7554.4,3827,19.5,35,26794,3,6,0.924,0.0438,107.9,208,15,2539.58
31,2024,9,9,0,6400.26,3727,23.85,30,21874,2,5,0.938,0.0382,110.2,173,9,2554.76
32,2024,9,9,0,16512.15,4040,22.06,23,13486,3,5,0.921,0.0419,85.4,126,4,3602.51
33,2024,9,9,0,18263.9,4839,26.9,37,30773,4,4,0.941,0.0512,96.3,254,9,3419.71
34,2024,9,9,0,22183.11,4941,25.53,40,30368,4,1,0.923,0.0388,107.5,242,7,4120.32
35,2024,9,9,0,22808.99,5703,16.6,38,30296,2,2,0.97,0.036,116.3,254,5,2983.45
36,2024,9,9,0,16530.17,4555,22.18,31,21350,5,2,0.965,0.0372,116.3,196,1,3038.17
37,2024,9,9,0,10604.97,5771,22.34,41,34897,1,3,0.965,0.0308,109.3,291,10,5083.82
38,2024,9,9,0,6690.62,4254,21.85,33,26683,4,6,0.941,0.0345,90.7,228,8,2885.97
39,2024,9,9,0,10989.05,4081,23.42,29,20121,3,1,0.936,0.028,92.8,161,1,3948.95
40,2024,9,9,0,4654.88,4742,21.28,40,29999,3,3,0.925,0.0419,111.6,267,11,2537.72
1,2024,10,10,0,24195.93,4754,27.84,40,29476,3,1,0.927,0.0375,98.3,263,11,5126.42
2,2024,10,10,0,20527.77,4576,20.3,33,21933,2,3,0.972,0.0338,93.7,171,5,2915.47
3,2024,10,10,0,15208.26,4132,17.26,47,36259,3,1,0.932,0.032,97.3,285,8,2993.59
4,2024,10,10,0,3308.52,3546,25.31,28,21798,3,2,0.954,0.0416,111.4,174,9,1445.11
5,2024,10,10,0,20727.52,7330,21.84,56,45448,3,2,0.957,0.035,114.3,389,9,4158.23
6,2024,10,10,0,19144.27,4909,23.91,40,31415,3,3,0.943,0.0407,93.5,251,1,4099.18
7,2024,10,10,0,8916.93,4068,18.24,29,20125,3,1,0.945,0.0327,96.3,179,9,1758.64
8,2024,10,10,0,11218.21,4404,22.96,42,31843,4,6,0.923,0.0374,103.6,264,2,2795.67
9,2024,10,10,0,13608.36,5284,19.04,40,32324,3,2,0.958,0.0252,100.2,251,5,3377.8
10,2024,10,10,0,10715.01,4145,21.04,39,29510,1,5,0.968,0.0363,113.9,249,9,2603.66
11,2024,10,10,0,14367.5,4246,24.66,35,28072,3,2,0.945,0.0424,103.1,231,8,3049.35
12,2024,10,10,0,5974.12,3759,22.37,52,39203,3,3,0.967,0.049,102.1,325,9,3564.18
13,2024,10,10,0,7160.14,3565,18.8,40,29344,2,5,0.977,0.0278,96.9,239,5,2287.3
14,2024,10,10,0,18682.57,4423,28.71,46,30107,1,0,0.926,0.0361,126.3,244,3,4798.45
15,2024,10,10,0,12796.44,4242,18.48,28,15145,4,3,0.957,0.0341,100.8,131,2,2671.92
16,2024,10,10,0,10827.46,4121,15.94,31,23502,3,3,0.935,0.0297,106.7,202,13,2526.31
17,2024,10,10,0,15870.91,3901,22.86,39,29653,3,2,0.915,0.0391,103.6,251,9,3300.06
18,2024,10,10,0,18312.73,4540,27.01,41,28051,4,3,0.955,0.0386,91.4,239,17,4011.47
19,2024,10,10,0,26532.23,6303,21.86,41,28971,4,2,0.929,0.0433,111.3,243,3,5094.81
20,2024,10,10,0,12911.32,4501,21.41,44,34465,2,3,0.941,0.0419,106.5,288,21,2857.8
21,2024,10,10,0,7869.74,3784,22.82,35,24435,3,5,0.971,0.0472,108.6,202,10,1927.06
22,2024,10,10,0,19782.36,5422,26.9,42,30410,2,4,0.946,0.0227,121.2,243,9,5362.34
23,2024,10,10,0,9342.19,3770,18.96,41,32335,2,8,0.925,0.0299,92.8,272,9,2352.81
24,2024,10,10,0,9211.9,3892,18.26,36,25722,2,1,0.885,0.0382,93.6,218,1,2321.4
25,2024,10,10,0,7883.97,3761,30.3,29,20992,2,1,0.907,0.0336,108.2,177,4,4066.14
26,2024,10,10,0,8278.14,4013,24.19,32,26106,4,2,0.94,0.0378,105.3,210,13,3393.85
27,2024,10,10,0,14508.87,4009,16.3,34,23660,4,6,0.933,0.0509,96.2,177,9,2275.01
28,2024,10,10,0,30957.69,5752,28.67,34,24338,5,2,0.905,0.0444,122.5,191,7,4661.08
29,2024,10,10,0,9440.89,3805,21.55,33,25101,3,3,0.924,0.0327,94.4,237,8,2332.8
30,2024,10,10,0,8370.61,3797,19.68,37,26794,4,6,0.966,0.0444,107.9,208,15,2529.94
31,2024,10,10,0,13563.2,4005,24.39,35,21874,3,5,0.957,0.0435,110.2,173,9,3336.78
32,2024,10,10,0,18176.17,4257,22.81,22,13486,4,5,0.932,0.0405,85.4,126,4,3843.43
33,2024,10,10,0,10252.6,4225,27.07,44,30773,1,4,0.96,0.0384,96.3,254,9,2684.42
34,2024,10,10,0,17419.2,4549,25.74,38,30368,4,1,0.948,0.0393,107.5,242,7,3798.96
35,2024,10,10,0,14304.39,5300,16.63,40,30296,4,2,0.935,0.0365,116.3,254,5,1929.44
36,2024,10,10,0,20913.03,4583,22.1,34,21350,4,2,0.953,0.0385,116.3,196,1,3367.16
37,2024,10,10,0,8811.25,5512,22.11,46,34897,5,3,0.964,0.0463,109.3,291,10,4262.51
38,2024,10,10,0,10958.66,4149,22.55,33,26683,3,6,0.926,0.0372,90.7,228,8,3366.62
39,2024,10,10,0,10110.55,3584,22.84,32,20121,3,1,0.955,0.0358,92.8,161,1,3167.87
40,2024,10,10,0,13011.84,5200,21.73,37,29999,2,3,0.928,0.0326,111.6,267,11,3385.67
1,2024,11,11,1,10572.03,4821,27.46,40,29476,3,1,1,0.0402,98.3,263,11,4713.69
2,2024,11,11,1,7063.76,4515,20.6,30,21933,4,3,0.937,0.036,93.7,171,5,2360.33
3,2024,11,11,1,9411.07,4225,17.03,44,36259,4,1,0.957,0.0334,97.3,285,8,2226.71
4,2024,11,11,1,11301.73,4956,24.69,29,21798,3,2,0.927,0.0367,111.4,174,9,2690.71
5,2024,11,11,1,12166.49,7192,21.95,54,45448,4,2,0.967,0.0385,114.3,389,9,4904.12
6,2024,11,11,1,5864.95,4319,25.26,40,31415,3,3,0.95,0.0358,93.5,251,1,3545.88
7,2024,11,11,1,12579.92,4634,18,31,20125,3,1,0.96,0.0337,96.3,179,9,2024.3
8,2024,11,11,1,11315.56,4445,21.88,40,31843,3,6,0.986,0.0231,103.6,264,2,2833.62
9,2024,11,11,1,28717.47,7175,19.05,42,32324,4,2,0.897,0.0386,100.2,251,5,4240.25
10,2024,11,11,1,10455.14,4861,21.7,44,29510,3,5,0.935,0.031,113.9,249,9,3078.45
11,2024,11,11,1,29382.24,6207,22.68,39,28072,4,2,0.91,0.0402,103.1,231,8,5024.04
12,2024,11,11,1,13985,4653,22.69,48,39203,2,3,0.905,0.0417,102.1,325,9,5125.66
13,2024,11,11,1,14915.75,4645,18.59,37,29344,3,5,0.902,0.0316,96.9,239,5,3544.69
14,2024,11,11,1,18378.48,5383,29.29,42,30107,3,0,0.953,0.0407,126.3,244,3,5318.64
15,2024,11,11,1,19359.94,4862,19,28,15145,5,3,0.917,0.0438,100.8,131,2,3144.78
16,2024,11,11,1,24355.1,5116,15.96,33,23502,4,3,0.919,0.0408,106.7,202,13,4047.57
17,2024,11,11,1,16650.33,5064,22.75,37,29653,2,2,0.934,0.0299,103.6,251,9,4323.24
18,2024,11,11,1,11146.96,4141,26.24,35,28051,5,3,0.939,0.0403,91.4,239,17,2491.02
19,2024,11,11,1,23171.4,7003,21.68,41,28971,4,2,0.926,0.0336,111.3,243,3,5609.79
20,2024,11,11,1,16874.02,5107,21.79,45,34465,4,3,0.94,0.0461,106.5,288,21,3400.07
21,2024,11,11,1,7675.49,4270,23.31,34,24435,2,5,0.936,0.0381,108.6,202,10,2036.64
22,2024,11,11,1,16272.79,5512,25.86,39,30410,3,4,0.943,0.0401,121.2,243,9,3920
23,2024,11,11,1,10424.6,4593,19.48,40,32335,3,8,0.974,0.0292,92.8,272,9,2740.66
24,2024,11,11,1,10447.05,5022,18.13,34,25722,3,1,0.961,0.0406,93.6,218,1,2719.75
25,2024,11,11,1,7574.03,4414,31.24,29,20992,3,1,0.958,0.0509,108.2,177,4,4186.12
26,2024,11,11,1,9282.99,3887,24.71,32,26106,3,2,0.946,0.0361,105.3,210,13,3359.32
27,2024,11,11,1,21017.45,4935,15.32,37,23660,3,6,0.923,0.0392,96.2,177,9,2657.72
28,2024,11,11,1,14039.46,5377,29.15,33,24338,4,2,0.899,0.0464,122.5,191,7,3127.71
29,2024,11,11,1,24931.62,5833,20.9,36,25101,4,3,0.955,0.0333,94.4,237,8,4210.17
30,2024,11,11,1,14376.56,4787,20.35,32,26794,3,6,0.938,0.032,107.9,208,15,3112.23
31,2024,11,11,1,13215.8,4478,24.64,30,21874,0,5,0.934,0.0312,110.2,173,9,4232.24
32,2024,11,11,1,21433.79,5260,21.83,24,13486,4,5,0.938,0.041,85.4,126,4,4340.1
33,2024,11,11,1,26165.18,6489,27.15,43,30773,4,4,0.914,0.0438,96.3,254,9,4789.73
34,2024,11,11,1,20572.87,4986,25.56,42,30368,2,1,0.94,0.0447,107.5,242,7,4115.6
35,2024,11,11,1,10767.35,5690,16.32,37,30296,2,2,0.953,0.0387,116.3,254,5,2212.96
36,2024,11,11,1,10822.23,4493,21.8,28,21350,4,2,0.971,0.0397,116.3,196,1,2822.85
37,2024,11,11,1,27718.85,8643,21.71,41,34897,2,3,0.949,0.0426,109.3,291,10,7315.36
38,2024,11,11,1,12250.48,5170,21.61,33,26683,3,6,0.954,0.0379,90.7,228,8,4223.53
39,2024,11,11,1,19124.93,5153,23.07,31,20121,3,1,0.928,0.0446,92.8,161,1,5314.66
40,2024,11,11,1,19281.69,6867,21.72,40,29999,5,3,0.926,0.0411,111.6,267,11,4517.71
1,2024,12,12,1,9823.77,5259,27.52,36,29476,5,1,0.954,0.0386,98.3,263,11,4987.92
2,2024,12,12,1,25903.25,6361,21.34,28,21933,4,3,0.965,0.0431,93.7,171,5,4026.18
3,2024,12,12,1,12820.58,5353,17.68,47,36259,4,1,0.922,0.0357,97.3,285,8,3045.86
4,2024,12,12,1,12339.22,5098,25.34,37,21798,4,2,0.943,0.0412,111.4,174,9,2817.57
5,2024,12,12,1,14070.69,8190,21.59,53,45448,4,2,0.933,0.0392,114.3,389,9,5327.03
6,2024,12,12,1,8423.56,4759,24.4,37,31415,3,3,0.93,0.0342,93.5,251,1,4010.1
7,2024,12,12,1,13504.25,5462,17.72,33,20125,3,1,0.906,0.0377,96.3,179,9,2398.69
8,2024,12,12,1,15322.01,5131,22.4,42,31843,3,6,0.926,0.035,103.6,264,2,3534.2
9,2024,12,12,1,18298.64,7338,18.58,42,32324,4,2,0.965,0.037,100.2,251,5,3904.15
10,2024,12,12,1,15544.05,5739,20.89,40,29510,2,5,0.941,0.0355,113.9,249,9,3345.07
11,2024,12,12,1,19079.7,5474,23.68,37,28072,3,2,0.935,0.0411,103.1,231,8,3971.72
12,2024,12,12,1,27232.57,6748,21.84,49,39203,5,3,0.933,0.0509,102.1,325,9,7061.63
13,2024,12,12,1,16631.83,5071,18.41,37,29344,4,5,0.924,0.023,96.9,239,5,4107.79
14,2024,12,12,1,32750.09,6694,28.01,38,30107,4,0,0.922,0.0463,126.3,244,3,7702.37
15,2024,12,12,1,9070.68,5470,19.45,28,15145,4,3,0.924,0.0518,100.8,131,2,2824.26
16,2024,12,12,1,11361.63,4556,16.05,34,23502,3,3,0.939,0.0405,106.7,202,13,2893.83
17,2024,12,12,1,15239.13,5438,23.45,36,29653,4,2,0.937,0.0406,103.6,251,9,4935.5
18,2024,12,12,1,8931.22,4902,25.6,36,28051,2,3,0.944,0.0301,91.4,239,17,2915.14
19,2024,12,12,1,7941.35,5931,21.86,36,28971,2,2,0.945,0.0354,111.3,243,3,3849.59
20,2024,12,12,1,19616.43,5941,22.32,45,34465,4,3,0.953,0.0375,106.5,288,21,4239.11
21,2024,12,12,1,12901.85,5533,22.54,35,24435,3,5,0.967,0.031,108.6,202,10,3145.86
22,2024,12,12,1,12679.22,5977,25.85,40,30410,4,4,0.912,0.044,121.2,243,9,5996.85
23,2024,12,12,1,13428.36,4796,18.84,44,32335,5,8,0.988,0.0469,92.8,272,9,2768.81
24,2024,12,12,1,6542.98,4587,17.9,36,25722,3,1,0.925,0.0406,93.6,218,1,2358.54
25,2024,12,12,1,21275.53,5695,29.71,32,20992,4,1,0.914,0.0496,108.2,177,4,6763.9
26,2024,12,12,1,14164.36,5126,24.06,35,26106,5,2,0.973,0.0381,105.3,210,13,4658.3
27,2024,12,12,1,11513.99,4791,16.25,32,23660,3,6,0.967,0.0421,96.2,177,9,2405.7
28,2024,12,12,1,11081.98,4834,28.58,34,24338,3,2,0.958,0.0407,122.5,191,7,2529.02
29,2024,12,12,1,9930.96,4730,21.16,38,25101,2,3,0.929,0.0357,94.4,237,8,2984.05
30,2024,12,12,1,16397.54,5818,20.53,36,26794,4,6,0.96,0.0347,107.9,208,15,4588.65
31,2024,12,12,1,16412.22,5171,25.82,36,21874,2,5,0.936,0.036,110.2,173,9,4890.27
32,2024,12,12,1,24007.61,5900,22.09,26,13486,4,5,0.963,0.0376,85.4,126,4,5296.23
33,2024,12,12,1,13760.51,5309,26.62,43,30773,3,4,0.929,0.0499,96.3,254,9,3485.96
34,2024,12,12,1,5546.59,3739,24.96,38,30368,2,1,0.943,0.0308,107.5,242,7,2572.4
35,2024,12,12,1,7517.09,6468,16.08,43,30296,3,2,0.96,0.0324,116.3,254,5,2460.37
36,2024,12,12,1,7737,4372,21.89,35,21350,1,2,0.944,0.0257,116.3,196,1,2822.74
37,2024,12,12,1,21083.67,8193,22,43,34897,4,3,0.944,0.0336,109.3,291,10,6123.4
38,2024,12,12,1,12155.14,4960,21.33,37,26683,3,6,0.938,0.0376,90.7,228,8,3606.54
39,2024,12,12,1,15019.35,4941,22.67,32,20121,3,1,0.946,0.0432,92.8,161,1,5073.9
40,2024,12,12,1,14599.12,6246,22.12,41,29999,3,3,0.928,0.0267,111.6,267,11,4058.4
