,id_pelicula,titulo,genero,duracion_minutos,calificacion,año_lanzamiento,plataforma,tipo,visualizaciones
0,1,Tren del Norte,Drama,144,3,1997,Vix+,Novelas,745754
1,2,Enemigo del Amanecer,Comedia,169,1,2022,HBO Max,Películas,70466
2,3,Tren Invisible de Tierra,Comedia,173,2,2011,Disney+,Documentales,770461
3,4,Enemigo Protegido,Terror,158,1,2016,Disney+,Películas,313225
4,5,Abismo Poderoso del Norte,Drama,155,4,2008,Prime Video,Películas,7019
5,6,Cuento Perdido,Terror,133,1,1990,Paramount+,Realities,441873
6,7,Paraiso del más allá,Thriller,91,3,1997,HBO Max,Documentales,757501
7,8,Universo Poderoso del más allá,Thriller,113,3,2003,Paramount+,Realities,14936
8,9,Abismo Misterioso,Terror,142,4,2017,Vix+,Realities,323010
9,10,Reino del Universo,Aventura,160,3,2013,Paramount+,Realities,145136
10,11,Destino del Amanecer,Acción,144,4,2006,Vix+,Documentales,968521
11,12,Paraiso Dulce,Acción,129,2,2005,Vix+,Novelas,967060
12,13,Planeta Misterioso,Comedia,126,4,2016,Disney+,Series,53296
13,14,Tren Eterno,Romance,129,1,1995,Netflix,Películas,380792
14,15,Enemigo Cercano del Norte,Comedia,176,4,2025,Disney+,Películas,179492
15,16,Bosque Lejano de la Luna,Thriller,148,4,2012,Vix+,Realities,124998
16,17,Universo de Fuego,Ciencia Ficción,179,4,2022,HBO Max,Series,566115
17,18,Tren Dulce de Aire,Comedia,109,1,2019,HBO Max,Novelas,320701
18,19,Juego Oculto del Pasado,Terror,118,3,2020,Apple TV+,Novelas,117245
19,20,Tren Misterioso,Terror,122,3,1998,Apple TV+,Series,303839
20,21,Reino de Aire,Acción,135,1,2006,HBO Max,Películas,698852
21,22,Portal Perdido del Norte,Comedia,150,2,1991,HBO Max,Novelas,167035
22,23,Planeta en el Tiempo,Acción,172,3,2003,Netflix,Documentales,63321
23,24,Enemigo Lejano en el Tiempo,Acción,168,1,2025,Disney+,Documentales,389317
24,25,Reino Oculto,Aventura,164,2,2000,Netflix,Series,671772
25,26,Paraiso del Amanecer,Romance,150,1,2016,Netflix,Novelas,962257
26,27,Joven de Aire,Terror,142,2,2003,Paramount+,Novelas,679883
27,28,Detective Olvidado,Aventura,155,1,1990,Vix+,Series,594313
28,29,Aliado del Sol,Thriller,134,4,2006,Netflix,Series,404711
29,30,Horizonte Misterioso del Horror,Terror,104,2,1999,Apple TV+,Realities,382945
30,31,Emperador Lejano,Comedia,129,1,2021,HBO Max,Películas,692100
31,32,Imperio de Cristal,Comedia,128,4,2012,Vix+,Películas,985201
32,33,Enemigo de Impacto,Thriller,157,2,2013,Prime Video,Realities,43260
33,34,Bosque de Cristal,Drama,160,3,2024,Paramount+,Películas,318473
34,35,Portal Prohibido,Acción,131,3,2009,Vix+,Documentales,304048
35,36,Horizonte del Futuro,Drama,166,4,1996,Netflix,Realities,6776
36,37,Enemigo Cercano,Acción,146,1,2022,HBO Max,Novelas,224961
37,38,Tren Misterioso,Ciencia Ficción,126,3,2023,Netflix,Series,200424
38,39,Destino Cercano,Romance,174,3,2006,HBO Max,Novelas,390036
39,40,Portal del Horror,Ciencia Ficción,122,3,2013,Paramount+,Películas,777992
40,41,Juego de Agua,Terror,141,3,1994,Apple TV+,Novelas,708512
41,42,Horizonte Cercano de Aire,Drama,153,3,2006,Netflix,Documentales,640370
42,43,Portal del Futuro,Acción,145,1,2007,Apple TV+,Novelas,650663
43,44,Destino del Universo,Ciencia Ficción,177,1,2010,Vix+,Series,456078
44,45,Imperio Oscuro del Universo,Ciencia Ficción,172,4,2011,HBO Max,Realities,948049
45,46,Aliado Amado,Comedia,104,4,2022,HBO Max,Documentales,651633
46,47,Buque Olvidado,Ciencia Ficción,128,4,2006,HBO Max,Realities,664719
47,48,Buque Amado,Aventura,121,2,2017,Vix+,Realities,48841
48,49,Cuento Prohibido,Terror,177,2,1991,HBO Max,Realities,111116
49,50,Reino Poderoso,Terror,165,3,1992,Apple TV+,Documentales,692887
50,51,Emperador Cercano,Aventura,107,2,2004,Prime Video,Novelas,158069
51,52,Paraiso Cercano de las Sombras,Romance,171,1,1993,Disney+,Novelas,771956
52,53,Detective Amado de Aire,Romance,143,4,2016,Paramount+,Realities,687722
53,54,Abismo de la Luz,Terror,135,3,2010,Netflix,Series,601840
54,55,Universo Perdido del Universo,Aventura,122,3,2002,Disney+,Realities,559813
55,56,Niño Lejano de la Luna,Romance,119,3,1991,Prime Video,Películas,586095
56,57,Cuento Milenario,Drama,162,1,2011,Disney+,Documentales,31041
57,58,Hombre Milenario,Aventura,125,4,2021,Disney+,Películas,544972
58,59,Emperador de Fuego,Drama,146,2,2019,Prime Video,Películas,477531
59,60,Destino Protegido,Romance,107,3,2024,HBO Max,Series,542006
60,61,Buque Oculto del Sol,Terror,107,3,1992,Apple TV+,Documentales,506174
61,62,Juego Cercano,Drama,146,4,2021,Apple TV+,Realities,160271
62,63,Tren del Futuro,Terror,174,1,2011,Netflix,Realities,624836
63,64,Abismo Oscuro,Ciencia Ficción,101,4,1995,Paramount+,Películas,197513
64,65,Enemigo Oscuro del Universo,Ciencia Ficción,170,4,1996,Paramount+,Documentales,684041
65,66,Destino Olvidado,Ciencia Ficción,145,1,2019,Netflix,Realities,324029
66,67,Planeta Amado del Futuro,Terror,157,1,1996,Disney+,Series,807679
67,68,Detective de Cristal,Terror,112,3,2020,Prime Video,Novelas,638991
68,69,Emperador de la Luz,Acción,92,1,2023,Prime Video,Series,609391
69,70,Paraiso Cercano,Romance,99,1,1996,Disney+,Realities,66595
70,71,Portal Invisible,Terror,111,1,2016,Vix+,Películas,749817
71,72,Hombre Lejano en el Tiempo,Romance,153,2,2007,Vix+,Películas,757260
72,73,Joven Lejano del Universo,Terror,96,3,2007,Vix+,Novelas,813544
73,74,Bosque Misterioso de la Luz,Romance,148,2,2014,Apple TV+,Documentales,197010
74,75,Destino Eterno del Futuro,Drama,172,4,2003,Apple TV+,Novelas,314121
75,76,Planeta de las Sombras,Drama,171,4,2018,Prime Video,Novelas,322645
76,77,Enemigo del Pasado,Drama,141,1,2012,Paramount+,Películas,198909
77,78,Equipo Lejano del Norte,Aventura,134,3,2002,Paramount+,Películas,577784
78,79,Detective Protegido del Universo,Acción,93,3,2016,Disney+,Series,308256
79,80,Horizonte del Norte,Ciencia Ficción,147,1,1997,Paramount+,Películas,535265
80,81,Niño Olvidado,Ciencia Ficción,114,3,1999,Netflix,Novelas,805386
81,82,Mago Cercano,Ciencia Ficción,107,2,2019,Netflix,Películas,142093
82,83,Planeta Invisible de Agua,Aventura,94,3,2011,HBO Max,Películas,886818
83,84,Aliado Oscuro de Agua,Thriller,125,3,2008,HBO Max,Películas,724636
84,85,Juego Prohibido del más allá,Romance,103,4,1999,Netflix,Documentales,47233
85,86,Mago del Norte,Drama,109,1,2016,Prime Video,Series,286813
86,87,Horizonte Misterioso de las Sombras,Terror,135,2,2002,Paramount+,Series,916227
87,88,Oeste Poderoso,Thriller,128,3,2013,HBO Max,Novelas,750007
88,89,Mago del Sol,Drama,129,4,2013,Netflix,Series,86438
89,90,Mago del Futuro,Acción,99,3,2003,Disney+,Realities,728967
90,91,Niño Milenario,Ciencia Ficción,114,2,2002,Disney+,Películas,104482
91,92,Imperio del Pasado,Terror,92,3,1995,Paramount+,Realities,360059
92,93,Cuento Eterno del más allá,Ciencia Ficción,136,2,2019,Netflix,Realities,359763
93,94,Planeta Lejano,Thriller,175,4,1990,Prime Video,Realities,261559
94,95,Destino de Cristal,Comedia,135,2,1993,Prime Video,Novelas,598004
95,96,Paraiso Amado,Comedia,150,4,2023,Paramount+,Películas,704129
96,97,Abismo Protegido de Aire,Thriller,97,3,2016,Prime Video,Películas,974324
97,98,Joven Invisible,Romance,168,2,2006,Vix+,Novelas,27742
98,99,Oeste Dulce del Universo,Romance,130,1,2009,HBO Max,Realities,331098
99,100,Imperio Olvidado del más allá,Thriller,119,3,2024,HBO Max,Realities,235812
100,101,Emperador Cercano,Aventura,90,3,2006,Netflix,Documentales,82272
101,102,Bosque Secreto de Agua,Romance,104,3,2019,Apple TV+,Series,680443
102,103,Reino de la Luz,Aventura,109,2,1996,Netflix,Realities,553155
103,104,Oeste Amado del Pasado,Acción,96,1,2011,Disney+,Series,826830
104,105,Hombre Prohibido,Comedia,178,4,2011,Paramount+,Documentales,693419
105,106,Reino Oculto,Drama,96,3,1997,Netflix,Documentales,708639
106,107,Bosque del Horror,Terror,172,1,1997,Vix+,Series,815429
107,108,Abismo Perdido,Acción,126,4,2007,Prime Video,Series,366305
108,109,Bosque de Fuego,Ciencia Ficción,173,1,2010,Vix+,Realities,455312
109,110,Buque Lejano del Futuro,Drama,100,3,1998,Disney+,Novelas,83877
110,111,Bosque Perdido en el Tiempo,Comedia,148,1,2016,Vix+,Realities,305912
111,112,Imperio Prohibido,Comedia,175,2,2008,Netflix,Novelas,854417
112,113,Imperio Lejano de Aire,Romance,91,4,2019,Vix+,Series,293974
113,114,Niño Amado del Universo,Acción,133,1,1993,Apple TV+,Películas,55971
114,115,Aliado Amado del Futuro,Ciencia Ficción,150,2,2019,Netflix,Realities,688630
115,116,Planeta Invisible,Drama,97,3,1993,Disney+,Películas,933427
116,117,Equipo del Universo,Thriller,148,4,1997,Netflix,Novelas,855925
117,118,Joven Prohibido de la Luna,Romance,125,2,2019,Prime Video,Documentales,607931
118,119,Aliado de Tierra,Romance,113,2,2008,Apple TV+,Series,604332
119,120,Hombre Secreto de Tierra,Aventura,91,4,1996,Prime Video,Películas,952545
120,121,Tren de Aire,Romance,148,2,1992,Apple TV+,Series,867280
121,122,Cuento Secreto del Futuro,Thriller,149,3,2005,Paramount+,Realities,257042
122,123,Cuento del Amanecer,Acción,114,2,2004,Vix+,Realities,107772
123,124,Portal Dulce,Acción,163,4,2018,Prime Video,Novelas,388279
124,125,Joven Milenario,Romance,91,3,2006,Prime Video,Series,119801
125,126,Juego de Agua,Terror,134,4,2023,Paramount+,Series,377556
126,127,Mago de la Luz,Aventura,157,2,2016,Netflix,Documentales,22542
127,128,Niño Oscuro,Aventura,171,3,2006,Prime Video,Documentales,59880
128,129,Joven Amado,Acción,118,2,2021,Vix+,Documentales,133372
129,130,Joven Olvidado del más allá,Acción,120,3,2020,Prime Video,Documentales,397813
130,131,Universo Dulce,Ciencia Ficción,144,1,1993,Prime Video,Series,645753
131,132,Destino en el Tiempo,Ciencia Ficción,111,1,1995,Apple TV+,Documentales,803470
132,133,Emperador Poderoso,Aventura,166,4,2014,Vix+,Documentales,239234
133,134,Mago Poderoso,Drama,140,4,2009,Disney+,Realities,840151
134,135,Tren Olvidado del más allá,Aventura,121,3,2025,Paramount+,Realities,132990
135,136,Cuento de Cristal,Thriller,159,1,2011,Vix+,Documentales,509029
136,137,Universo Oculto del Horror,Comedia,178,3,2020,HBO Max,Documentales,206191
137,138,Paraiso Misterioso de las Sombras,Drama,91,2,1994,Netflix,Realities,932709
138,139,Niño Protegido de Fuego,Ciencia Ficción,96,4,2000,Netflix,Documentales,376342
139,140,Abismo del Sol,Ciencia Ficción,144,1,2014,Apple TV+,Novelas,701795
140,141,Tren en el Tiempo,Thriller,101,4,2021,Paramount+,Documentales,525210
141,142,Imperio Olvidado de las Sombras,Ciencia Ficción,103,4,2023,Vix+,Películas,98599
142,143,Imperio Amado en el Tiempo,Aventura,92,1,1995,Apple TV+,Series,695291
143,144,Niño Perdido de Aire,Comedia,169,2,1994,Vix+,Novelas,978088
144,145,Imperio Olvidado del Futuro,Acción,170,2,2011,HBO Max,Películas,420308
145,146,Abismo del Universo,Ciencia Ficción,133,1,1992,Paramount+,Documentales,141149
146,147,Detective Poderoso,Comedia,99,3,2005,Prime Video,Series,131409
147,148,Paraiso Protegido,Drama,160,2,1990,HBO Max,Series,284204
148,149,Portal de Impacto,Acción,116,1,1999,Prime Video,Novelas,83972
149,150,Tren del más allá,Thriller,176,2,2014,Paramount+,Realities,123783
150,151,Bosque Lejano del más allá,Terror,161,4,2007,Vix+,Documentales,718424
151,152,Universo Secreto en el Tiempo,Romance,96,3,1996,HBO Max,Series,209390
152,153,Imperio Misterioso,Comedia,116,2,2019,Vix+,Películas,799135
153,154,Juego Poderoso,Aventura,157,3,2005,Vix+,Series,739149
154,155,Aliado en el Tiempo,Thriller,179,4,2011,Disney+,Realities,89486
155,156,Bosque Prohibido,Comedia,157,1,2019,Vix+,Novelas,216578
156,157,Tren Prohibido,Aventura,121,3,2021,Vix+,Realities,696719
157,158,Enemigo Milenario del Pasado,Romance,137,2,2018,Paramount+,Películas,174283
158,159,Destino del Pasado,Drama,130,2,1999,Disney+,Novelas,467864
159,160,Detective de Fuego,Aventura,114,4,2022,Disney+,Novelas,374388
160,161,Oeste Milenario,Acción,135,3,1993,Netflix,Series,81146
161,162,Universo del más allá,Romance,159,1,2000,HBO Max,Documentales,601422
162,163,Hombre del Universo,Acción,133,3,2014,Netflix,Novelas,750246
163,164,Niño Dulce,Ciencia Ficción,172,2,1994,Prime Video,Documentales,89605
164,165,Paraiso de Cristal,Comedia,126,2,2016,Prime Video,Series,184660
165,166,Mago Cercano,Ciencia Ficción,172,1,2006,Paramount+,Realities,415534
166,167,Destino de Aire,Drama,167,4,2014,Apple TV+,Realities,903155
167,168,Enemigo Protegido de Fuego,Acción,158,4,2024,Prime Video,Series,757343
168,169,Abismo del Horror,Comedia,95,2,1991,Paramount+,Documentales,144285
169,170,Equipo del Amanecer,Aventura,163,3,2022,Vix+,Novelas,141964
170,171,Reino de la Luna,Romance,95,4,2013,Disney+,Películas,276670
171,172,Detective Misterioso,Thriller,175,1,2000,Disney+,Documentales,931378
172,173,Portal Poderoso de la Luz,Ciencia Ficción,91,2,2022,Vix+,Realities,545111
173,174,Mago Oscuro,Ciencia Ficción,135,3,2012,Apple TV+,Novelas,285600
174,175,Imperio del Pasado,Romance,98,4,2005,Apple TV+,Series,220755
175,176,Paraiso Prohibido,Thriller,124,4,2001,Paramount+,Novelas,484122
176,177,Buque Prohibido,Comedia,171,2,2019,Disney+,Novelas,358417
177,178,Bosque Protegido,Terror,170,1,2020,Paramount+,Novelas,151426
178,179,Planeta Amado,Romance,149,2,2010,Disney+,Series,480842
179,180,Detective del Norte,Acción,116,2,2001,Disney+,Películas,226385
180,181,Aliado Poderoso del Universo,Romance,156,1,1992,Paramount+,Películas,3147
181,182,Abismo Misterioso,Thriller,107,2,2007,Netflix,Películas,522372
182,183,Equipo Dulce del Norte,Ciencia Ficción,103,4,1994,Disney+,Novelas,557430
183,184,Abismo de la Luna,Acción,174,3,2001,Vix+,Películas,489317
184,185,Bosque Protegido,Aventura,130,2,2003,HBO Max,Realities,60314
185,186,Planeta Secreto,Romance,146,4,1993,HBO Max,Documentales,372903
186,187,Emperador de Impacto,Comedia,106,3,2011,HBO Max,Películas,910147
187,188,Oeste Eterno,Acción,133,3,1998,Paramount+,Documentales,66396
188,189,Hombre Perdido de Tierra,Drama,138,4,1990,HBO Max,Series,232769
189,190,Equipo Oscuro,Terror,99,3,2015,HBO Max,Películas,405597
190,191,Imperio Prohibido,Aventura,135,4,2016,Disney+,Documentales,897626
191,192,Tren Prohibido del Amanecer,Thriller,150,4,1996,Netflix,Documentales,145399
192,193,Cuento Dulce de Aire,Drama,171,4,2001,Vix+,Realities,955659
193,194,Planeta de las Sombras,Terror,157,3,2016,Apple TV+,Películas,214761
194,195,Juego de Cristal,Comedia,142,4,2002,Paramount+,Películas,150977
195,196,Imperio Cercano,Drama,159,1,1994,Apple TV+,Series,145479
196,197,Emperador Protegido,Terror,129,2,2002,Paramount+,Series,794432
197,198,Reino Oscuro del Amanecer,Drama,106,4,2005,Apple TV+,Películas,812583
198,199,Universo Oscuro,Acción,168,4,2009,Netflix,Series,562164
199,200,Juego de Impacto,Ciencia Ficción,113,3,2022,HBO Max,Películas,99401
200,201,Buque del más allá,Acción,136,3,2015,Paramount+,Novelas,899262
201,202,Aliado Perdido,Acción,134,4,2023,HBO Max,Series,656583
202,203,Horizonte Milenario,Romance,91,4,2008,Prime Video,Realities,416945
203,204,Horizonte del Futuro,Terror,174,4,1997,Paramount+,Documentales,659494
204,205,Horizonte en el Tiempo,Acción,140,3,2024,Netflix,Películas,15817
205,206,Universo Secreto,Comedia,124,4,1993,Apple TV+,Series,631716
206,207,Abismo Milenario del Sol,Romance,138,4,1998,Apple TV+,Realities,70139
207,208,Bosque Misterioso de la Luna,Thriller,160,2,2023,Paramount+,Novelas,399781
208,209,Joven de Agua,Romance,175,4,2008,Netflix,Novelas,509176
209,210,Oeste de Cristal,Terror,137,2,2024,Prime Video,Películas,318265
210,211,Enemigo Poderoso,Thriller,162,4,1992,Netflix,Películas,214265
211,212,Buque Oculto de Aire,Terror,133,3,1997,Disney+,Novelas,302725
212,213,Bosque de Agua,Aventura,160,2,2024,Netflix,Películas,514877
213,214,Detective Poderoso,Drama,147,2,1994,Netflix,Documentales,627202
214,215,Aliado Poderoso del Pasado,Romance,138,2,2016,Paramount+,Películas,764592
215,216,Destino de Tierra,Aventura,166,2,2012,Netflix,Realities,68154
216,217,Aliado Milenario en el Tiempo,Thriller,100,2,2019,Prime Video,Series,108805
217,218,Portal Olvidado,Terror,112,1,2017,Vix+,Películas,841146
218,219,Buque Oculto de la Luz,Terror,159,2,2025,Prime Video,Documentales,16048
219,220,Portal Oscuro de Fuego,Thriller,131,2,2016,Apple TV+,Novelas,15103
220,221,Reino Dulce de las Sombras,Comedia,90,2,2010,Paramount+,Películas,885823
221,222,Joven Secreto,Comedia,121,4,2003,HBO Max,Novelas,125685
222,223,Tren Lejano,Terror,124,1,1996,Prime Video,Películas,169540
223,224,Abismo Olvidado,Ciencia Ficción,148,2,2006,Netflix,Documentales,965864
224,225,Equipo de Tierra,Drama,140,1,2018,Netflix,Series,642396
225,226,Oeste Cercano,Aventura,115,2,2021,HBO Max,Realities,820039
226,227,Bosque Dulce,Romance,126,2,2000,Netflix,Realities,183778
227,228,Equipo Misterioso,Terror,102,3,2000,Paramount+,Documentales,840615
228,229,Bosque del Futuro,Comedia,131,2,1999,Paramount+,Realities,207239
229,230,Detective Oscuro del Norte,Acción,118,2,1990,Netflix,Realities,588180
230,231,Cuento del Pasado,Terror,103,1,2013,Netflix,Películas,203589
231,232,Abismo de Cristal,Thriller,148,1,2003,Disney+,Películas,390198
232,233,Mago Olvidado,Acción,97,1,2003,Apple TV+,Series,867494
233,234,Niño Oscuro,Thriller,130,1,2011,Netflix,Películas,889859
234,235,Equipo Prohibido de Tierra,Drama,153,4,1993,Prime Video,Novelas,890188
235,236,Universo Misterioso del Futuro,Thriller,151,2,2020,Prime Video,Documentales,315286
236,237,Hombre Secreto,Thriller,138,1,2020,HBO Max,Películas,211900
237,238,Reino Perdido de Agua,Aventura,153,2,2008,Paramount+,Novelas,633472
238,239,Cuento Oculto,Aventura,173,4,2004,Vix+,Películas,555600
239,240,Imperio de la Luz,Thriller,90,4,1993,Disney+,Novelas,45176
240,241,Aliado Oculto del Horror,Terror,168,2,2013,Prime Video,Novelas,651586
241,242,Detective del Norte,Aventura,134,3,2021,Paramount+,Realities,735123
242,243,Cuento Perdido del Amanecer,Acción,90,2,1999,Paramount+,Documentales,635889
243,244,Planeta de la Luna,Ciencia Ficción,111,2,2020,Prime Video,Películas,14635
244,245,Paraiso Cercano,Romance,156,1,2007,Disney+,Documentales,512786
245,246,Bosque del Norte,Romance,138,2,2019,Apple TV+,Realities,232591
246,247,Tren de Tierra,Comedia,113,3,2012,Netflix,Series,653627
247,248,Enemigo Oculto,Terror,173,4,2013,Prime Video,Realities,551469
248,249,Detective de Aire,Ciencia Ficción,161,4,2006,Netflix,Novelas,260148
249,250,Aliado Oscuro,Comedia,120,1,2007,Disney+,Documentales,837434
250,251,Paraiso Cercano de Cristal,Acción,159,3,2018,Disney+,Novelas,209344
251,252,Abismo Olvidado,Ciencia Ficción,109,4,2005,Apple TV+,Novelas,297415
252,253,Enemigo del Universo,Terror,93,4,1993,Disney+,Realities,906781
253,254,Juego del Universo,Ciencia Ficción,101,3,2023,Apple TV+,Películas,172397
254,255,Tren Invisible del Horror,Terror,156,4,2022,Netflix,Series,562727
255,256,Buque Cercano,Ciencia Ficción,177,2,1991,Prime Video,Series,197310
256,257,Juego de la Luz,Drama,146,3,2020,Disney+,Documentales,857073
257,258,Universo Milenario,Thriller,169,3,2018,Vix+,Documentales,288206
258,259,Paraiso del Futuro,Acción,125,3,2001,Prime Video,Documentales,647515
259,260,Horizonte Protegido,Romance,100,1,1993,Paramount+,Películas,270019
260,261,Horizonte Poderoso de Aire,Comedia,126,1,2015,HBO Max,Realities,758327
261,262,Cuento Eterno de Tierra,Acción,166,2,2024,Vix+,Novelas,715434
262,263,Horizonte de Aire,Aventura,155,3,1996,HBO Max,Documentales,695612
263,264,Planeta Oculto,Ciencia Ficción,147,4,2019,Netflix,Realities,204465
264,265,Equipo Misterioso del Pasado,Comedia,171,4,2008,Prime Video,Documentales,790449
265,266,Emperador Oscuro,Drama,171,2,1991,HBO Max,Novelas,496791
266,267,Portal Oscuro del Pasado,Comedia,100,3,1998,Paramount+,Novelas,683471
267,268,Planeta de la Luna,Drama,178,1,1994,Netflix,Series,602077
268,269,Niño Milenario de Cristal,Drama,93,1,1995,HBO Max,Series,799092
269,270,Hombre del Horror,Ciencia Ficción,149,1,2005,Vix+,Novelas,554621
270,271,Horizonte del Sol,Aventura,154,3,1993,Vix+,Realities,787134
271,272,Mago de Tierra,Ciencia Ficción,128,2,2001,Prime Video,Documentales,319118
272,273,Enemigo del Sol,Ciencia Ficción,158,4,2024,Vix+,Películas,435392
273,274,Imperio Amado,Comedia,131,3,2011,Prime Video,Películas,501052
274,275,Aliado Perdido,Comedia,131,3,1999,Netflix,Documentales,56588
275,276,Destino Perdido,Comedia,98,2,1997,Prime Video,Series,873935
276,277,Mago Cercano del Sol,Terror,109,2,2012,Prime Video,Novelas,678290
277,278,Tren Perdido,Terror,149,3,2003,Apple TV+,Documentales,205165
278,279,Planeta Amado de las Sombras,Aventura,117,1,2006,Prime Video,Realities,608992
279,280,Bosque del Amanecer,Aventura,101,3,1993,Paramount+,Novelas,613679
280,281,Destino Misterioso,Romance,140,1,1993,HBO Max,Películas,241649
281,282,Bosque Protegido de Tierra,Drama,110,2,2004,Netflix,Realities,604728
282,283,Horizonte Milenario de Aire,Thriller,154,4,2000,Apple TV+,Realities,313843
283,284,Niño Oscuro,Terror,110,4,1993,Paramount+,Documentales,141561
284,285,Enemigo Poderoso,Drama,145,1,2018,Disney+,Novelas,940962
285,286,Reino del Horror,Aventura,168,1,2001,Disney+,Realities,379894
286,287,Portal de Aire,Aventura,138,1,1990,Paramount+,Novelas,105381
287,288,Oeste Perdido de las Sombras,Thriller,96,2,2021,Apple TV+,Películas,685628
288,289,Planeta Perdido de las Sombras,Comedia,161,2,2003,Prime Video,Documentales,591804
289,290,Hombre de las Sombras,Terror,178,4,2022,HBO Max,Series,46546
290,291,Aliado del Universo,Comedia,163,1,1999,Disney+,Películas,975168
291,292,Tren Eterno,Ciencia Ficción,145,2,1994,Paramount+,Realities,906602
292,293,Equipo del Pasado,Aventura,120,2,2021,Disney+,Novelas,358947
293,294,Destino del Horror,Thriller,179,3,2007,Prime Video,Novelas,869509
294,295,Hombre Dulce del Futuro,Ciencia Ficción,91,4,2015,Apple TV+,Series,566967
295,296,Destino Dulce,Ciencia Ficción,173,1,2025,Paramount+,Realities,741729
296,297,Cuento de Fuego,Aventura,150,1,2006,Apple TV+,Novelas,498585
297,298,Aliado Perdido,Thriller,119,4,2013,Disney+,Documentales,33270
298,299,Mago Poderoso de Aire,Terror,140,2,2007,Netflix,Películas,749652
299,300,Portal del Pasado,Thriller,152,1,2002,Disney+,Documentales,329496
300,301,Mago Secreto,Thriller,92,2,2010,Vix+,Documentales,539813
301,302,Reino Secreto,Thriller,148,4,1999,Netflix,Realities,294403
302,303,Aliado Amado,Drama,97,2,2021,Paramount+,Realities,886839
303,304,Cuento Poderoso,Romance,150,1,1998,Netflix,Documentales,896549
304,305,Paraiso Oscuro,Ciencia Ficción,102,3,1990,Prime Video,Series,209122
305,306,Bosque Invisible,Acción,98,4,2002,HBO Max,Películas,557652
306,307,Portal Olvidado de Fuego,Ciencia Ficción,159,3,1992,Apple TV+,Películas,966377
307,308,Detective Oculto,Thriller,122,1,2011,HBO Max,Películas,43597
308,309,Oeste Dulce del Futuro,Romance,99,3,2005,Prime Video,Películas,107416
309,310,Bosque Poderoso,Comedia,91,3,2011,Apple TV+,Realities,300582
310,311,Portal Protegido de Aire,Drama,162,2,2006,Netflix,Películas,251715
311,312,Equipo Perdido,Ciencia Ficción,94,2,2011,HBO Max,Películas,529271
312,313,Paraiso Olvidado del Futuro,Drama,105,4,2010,Vix+,Películas,424277
313,314,Paraiso de Fuego,Thriller,176,3,2006,HBO Max,Novelas,976336
314,315,Mago Oscuro de Impacto,Aventura,166,1,2019,Disney+,Documentales,433980
315,316,Bosque Oscuro,Terror,177,3,2023,Paramount+,Novelas,197496
316,317,Joven de la Luz,Terror,108,2,1991,Paramount+,Series,234193
317,318,Portal del Pasado,Terror,171,4,1994,HBO Max,Películas,429125
318,319,Destino Lejano,Comedia,91,3,2023,HBO Max,Documentales,588439
319,320,Imperio Misterioso,Terror,174,4,1995,Apple TV+,Documentales,257377
320,321,Tren del Sol,Romance,166,3,2014,Netflix,Documentales,936487
321,322,Mago de las Sombras,Thriller,176,4,1997,Netflix,Realities,990370
322,323,Planeta de Tierra,Ciencia Ficción,116,2,2001,Paramount+,Series,728601
323,324,Oeste Milenario,Acción,164,4,2010,HBO Max,Realities,145860
324,325,Portal Cercano del Universo,Acción,134,2,1993,Vix+,Realities,476264
325,326,Imperio del Amanecer,Comedia,168,4,1997,Prime Video,Novelas,665220
326,327,Juego Prohibido de Cristal,Romance,119,2,1998,Apple TV+,Novelas,358245
327,328,Planeta de la Luz,Terror,178,4,2019,HBO Max,Documentales,882539
328,329,Hombre de Fuego,Acción,98,1,2024,Apple TV+,Películas,595520
329,330,Horizonte Protegido,Terror,167,1,2017,Apple TV+,Realities,104584
330,331,Joven de Aire,Aventura,141,3,1999,Apple TV+,Documentales,608104
331,332,Buque de Impacto,Romance,110,3,2025,Vix+,Series,237426
332,333,Juego de Fuego,Ciencia Ficción,133,3,2015,Disney+,Películas,143385
333,334,Imperio Poderoso,Comedia,138,4,1991,Vix+,Películas,918700
334,335,Tren Eterno del Futuro,Acción,120,1,1994,Apple TV+,Realities,937296
335,336,Bosque Secreto,Aventura,125,2,2015,Netflix,Realities,679567
336,337,Oeste Oculto,Aventura,161,4,2009,Paramount+,Documentales,564980
337,338,Planeta Invisible,Romance,161,2,2003,HBO Max,Documentales,3925
338,339,Bosque del Horror,Terror,130,3,1998,Apple TV+,Series,669266
339,340,Mago de Impacto,Comedia,174,2,2005,Prime Video,Series,451632
340,341,Destino Secreto,Acción,110,3,2012,Apple TV+,Películas,173417
341,342,Enemigo Oculto,Terror,102,4,1992,HBO Max,Series,914646
342,343,Paraiso Cercano,Acción,130,1,2004,HBO Max,Novelas,351592
343,344,Paraiso del Horror,Acción,150,3,2005,Vix+,Películas,466329
344,345,Emperador Secreto del Horror,Terror,90,3,2017,Paramount+,Películas,304334
345,346,Horizonte de la Luna,Drama,92,1,2019,Vix+,Realities,827013
346,347,Detective Perdido de Agua,Acción,177,2,2018,Apple TV+,Documentales,182385
347,348,Hombre Invisible,Drama,112,3,1990,Prime Video,Realities,920952
348,349,Detective Prohibido,Comedia,125,1,1994,Netflix,Documentales,107531
349,350,Tren de Aire,Comedia,111,3,2020,Netflix,Series,998657
350,351,Niño Lejano de la Luna,Terror,153,2,2000,Netflix,Novelas,802994
351,352,Enemigo de la Luz,Ciencia Ficción,127,3,2020,Vix+,Series,107351
352,353,Equipo Dulce,Aventura,157,3,2000,HBO Max,Documentales,528657
353,354,Equipo Cercano,Aventura,100,1,2007,Prime Video,Series,977115
354,355,Abismo del Amanecer,Drama,165,1,2020,Prime Video,Novelas,980057
355,356,Horizonte Invisible,Thriller,157,3,1992,Apple TV+,Series,262736
356,357,Aliado del Amanecer,Thriller,174,3,2014,Netflix,Novelas,813863
357,358,Portal Oculto de la Luna,Comedia,154,4,2024,Prime Video,Películas,758252
358,359,Planeta Eterno de Cristal,Aventura,176,3,1992,Netflix,Series,880452
359,360,Imperio de Impacto,Acción,126,1,2017,HBO Max,Películas,74556
360,361,Imperio del Amanecer,Aventura,156,3,2004,Vix+,Películas,675739
361,362,Tren Poderoso,Comedia,145,3,2001,Disney+,Series,310560
362,363,Mago del Sol,Aventura,159,1,2020,Paramount+,Series,121188
363,364,Emperador Dulce del Universo,Terror,170,1,2004,Disney+,Realities,353983
364,365,Reino de la Luz,Drama,125,1,2018,Netflix,Documentales,981078
365,366,Mago del Horror,Comedia,164,1,2006,Netflix,Documentales,122178
366,367,Portal Milenario,Comedia,125,1,2003,Paramount+,Series,1284
367,368,Cuento de Aire,Aventura,148,4,1992,Disney+,Documentales,585480
368,369,Horizonte Amado,Terror,104,4,1992,Netflix,Series,852471
369,370,Juego Perdido,Thriller,108,3,1997,Vix+,Series,261522
370,371,Destino de las Sombras,Thriller,169,4,2020,Paramount+,Series,187614
371,372,Joven Oscuro del más allá,Thriller,91,1,2011,Prime Video,Novelas,813475
372,373,Aliado de la Luna,Drama,120,3,1993,Prime Video,Novelas,775123
373,374,Destino de las Sombras,Comedia,158,4,2002,Disney+,Novelas,340091
374,375,Enemigo Lejano del Sol,Comedia,154,3,2002,Paramount+,Documentales,150044
375,376,Joven Perdido del Futuro,Thriller,149,3,2008,Vix+,Documentales,631413
376,377,Detective de Impacto,Aventura,141,3,1990,Prime Video,Documentales,224683
377,378,Reino en el Tiempo,Aventura,159,3,2003,Apple TV+,Documentales,353612
378,379,Mago Perdido,Romance,113,2,2006,Paramount+,Documentales,401488
379,380,Universo Secreto,Ciencia Ficción,176,4,1993,Disney+,Series,179719
380,381,Universo del más allá,Romance,144,3,2005,Netflix,Series,84800
381,382,Niño Dulce,Thriller,110,2,1997,HBO Max,Realities,83257
382,383,Reino Protegido,Acción,167,2,2006,Disney+,Novelas,57565
383,384,Emperador Cercano de Impacto,Comedia,125,4,2017,HBO Max,Novelas,691753
384,385,Emperador del más allá,Aventura,108,3,2002,Netflix,Realities,612712
385,386,Aliado de Fuego,Terror,124,3,1999,Apple TV+,Series,629289
386,387,Universo del Norte,Aventura,126,3,1995,Prime Video,Películas,79437
387,388,Cuento Dulce,Acción,123,1,1992,Paramount+,Novelas,838758
388,389,Joven Lejano de Tierra,Acción,96,3,2011,Disney+,Realities,259343
389,390,Abismo Oscuro,Romance,103,2,1993,Paramount+,Realities,384668
390,391,Equipo Oscuro del Norte,Acción,172,4,1999,Disney+,Realities,909767
391,392,Cuento Oscuro de Impacto,Aventura,165,2,2015,HBO Max,Documentales,461239
392,393,Bosque Invisible,Romance,176,3,2005,Netflix,Series,881898
393,394,Universo del Horror,Acción,172,3,1991,Vix+,Novelas,583300
394,395,Bosque Poderoso del Sol,Acción,156,1,2009,Netflix,Realities,357480
395,396,Niño Eterno,Acción,173,1,1995,Netflix,Documentales,528245
396,397,Universo Prohibido,Acción,141,3,2003,Vix+,Películas,748372
397,398,Buque del Universo,Terror,138,4,1993,Vix+,Películas,414898
398,399,Imperio Protegido,Thriller,118,3,2006,Apple TV+,Realities,539020
399,400,Enemigo Lejano del Amanecer,Romance,140,2,2021,Vix+,Novelas,874510
400,401,Bosque Poderoso,Terror,108,1,2025,Paramount+,Documentales,887143
401,402,Cuento Perdido,Terror,115,2,2017,Disney+,Realities,65945
402,403,Destino Lejano,Aventura,98,3,2009,HBO Max,Películas,131527
403,404,Abismo Olvidado,Acción,152,3,1991,Apple TV+,Documentales,976013
404,405,Niño Amado en el Tiempo,Romance,138,4,2008,HBO Max,Novelas,645185
405,406,Imperio de Aire,Acción,155,1,2000,Paramount+,Novelas,746119
406,407,Joven de Fuego,Acción,133,2,2016,Netflix,Películas,100202
407,408,Juego de Impacto,Terror,146,1,2013,HBO Max,Realities,174877
408,409,Planeta del Universo,Ciencia Ficción,163,3,2006,Paramount+,Películas,139250
409,410,Abismo Milenario,Acción,103,2,2017,Netflix,Series,756630
410,411,Emperador Lejano en el Tiempo,Comedia,117,3,2001,Paramount+,Películas,172251
411,412,Imperio Cercano,Acción,122,4,1993,Netflix,Novelas,595595
412,413,Reino Invisible,Terror,176,4,2018,Netflix,Realities,33284
413,414,Aliado del más allá,Romance,133,4,1992,Disney+,Documentales,771395
414,415,Destino Olvidado,Drama,171,1,2014,Paramount+,Películas,844319
415,416,Equipo Secreto de la Luna,Ciencia Ficción,171,3,1991,Apple TV+,Novelas,929176
416,417,Horizonte Prohibido del Futuro,Drama,160,4,2022,Prime Video,Documentales,622252
417,418,Emperador Oculto de la Luna,Acción,109,2,2022,Apple TV+,Películas,50865
418,419,Detective del Universo,Romance,154,1,2024,Disney+,Series,770365
419,420,Equipo del Futuro,Comedia,171,4,1992,Netflix,Películas,230447
420,421,Aliado Misterioso de Cristal,Ciencia Ficción,105,3,2013,Disney+,Documentales,147190
421,422,Enemigo del más allá,Thriller,132,3,2010,HBO Max,Novelas,162374
422,423,Buque en el Tiempo,Acción,98,3,2009,Paramount+,Series,380825
423,424,Universo Perdido de Tierra,Acción,112,2,2013,Prime Video,Realities,809893
424,425,Joven Perdido del Amanecer,Thriller,134,3,2000,HBO Max,Películas,165014
425,426,Niño Amado,Ciencia Ficción,157,4,2011,Disney+,Series,404955
426,427,Imperio Secreto,Ciencia Ficción,154,3,2011,Disney+,Novelas,584278
427,428,Equipo Milenario de Impacto,Romance,115,1,2000,Prime Video,Novelas,521193
428,429,Juego Cercano,Acción,156,2,2016,Paramount+,Películas,760536
429,430,Imperio de la Luna,Romance,169,1,2024,Apple TV+,Novelas,321312
430,431,Buque Misterioso,Acción,91,3,2018,Prime Video,Realities,585997
431,432,Planeta Oscuro,Drama,147,3,2020,Vix+,Documentales,439174
432,433,Universo del Futuro,Aventura,159,2,1999,Netflix,Documentales,104911
433,434,Equipo del Universo,Comedia,141,2,2014,Apple TV+,Series,327129
434,435,Hombre Invisible,Acción,101,4,1997,Vix+,Novelas,288935
435,436,Juego Prohibido,Aventura,98,1,2009,HBO Max,Películas,604409
436,437,Tren de Aire,Comedia,151,2,2012,Vix+,Películas,15366
437,438,Emperador Secreto del Universo,Comedia,124,4,1998,Disney+,Realities,512554
438,439,Joven de la Luz,Aventura,90,2,2007,HBO Max,Documentales,954094
439,440,Universo Lejano,Comedia,166,2,1991,Netflix,Novelas,103003
440,441,Reino Oscuro de Impacto,Terror,119,3,2024,Paramount+,Series,648996
441,442,Juego del Amanecer,Drama,168,4,2019,Prime Video,Realities,178485
442,443,Reino Oscuro,Aventura,132,2,2016,Netflix,Series,28921
443,444,Abismo del Norte,Thriller,160,3,2011,Disney+,Documentales,163647
444,445,Imperio Lejano del Pasado,Drama,163,1,1993,Apple TV+,Documentales,437968
445,446,Emperador Poderoso,Comedia,130,2,1995,Apple TV+,Realities,304080
446,447,Universo Poderoso de la Luna,Drama,109,4,1997,HBO Max,Realities,323062
447,448,Cuento del Norte,Terror,168,4,1995,HBO Max,Documentales,382444
448,449,Cuento de Tierra,Comedia,95,3,2001,HBO Max,Realities,754972
449,450,Paraiso Milenario de la Luna,Acción,92,2,1990,Prime Video,Documentales,864204
450,451,Cuento Oculto,Drama,142,1,2008,Prime Video,Realities,42106
451,452,Niño de las Sombras,Acción,109,3,1993,Vix+,Realities,359275
452,453,Destino Dulce del Universo,Romance,104,3,1993,HBO Max,Películas,148221
453,454,Joven Poderoso de Tierra,Acción,174,2,2017,Vix+,Realities,740387
454,455,Cuento Secreto,Comedia,109,2,2025,Vix+,Realities,324310
455,456,Niño Oscuro,Thriller,108,3,1998,HBO Max,Series,383351
456,457,Juego de las Sombras,Terror,171,4,2015,Vix+,Realities,699226
457,458,Planeta Perdido del Horror,Aventura,132,4,2017,Netflix,Documentales,334813
458,459,Abismo en el Tiempo,Acción,140,3,2014,Disney+,Películas,26860
459,460,Universo Amado,Ciencia Ficción,125,1,2002,Netflix,Películas,939470
460,461,Hombre Amado del Sol,Aventura,126,4,2011,Paramount+,Documentales,671271
461,462,Tren del Pasado,Acción,150,4,2020,HBO Max,Películas,560897
462,463,Destino Cercano del Sol,Thriller,137,3,2011,Netflix,Documentales,110669
463,464,Universo Oscuro del Futuro,Ciencia Ficción,115,3,2006,Prime Video,Novelas,16251
464,465,Joven Lejano,Aventura,93,3,2006,Prime Video,Series,192159
465,466,Abismo Protegido,Drama,164,4,1993,Netflix,Películas,772978
466,467,Horizonte del Pasado,Terror,153,2,1990,Prime Video,Series,97846
467,468,Juego Poderoso,Acción,177,3,2019,Paramount+,Series,926767
468,469,Mago Dulce del Pasado,Drama,173,1,2006,Disney+,Series,123725
469,470,Horizonte Prohibido,Terror,111,1,2022,Vix+,Novelas,748503
470,471,Oeste Prohibido,Aventura,148,1,1995,Apple TV+,Series,817360
471,472,Paraiso de Agua,Thriller,167,4,1998,Vix+,Películas,385645
472,473,Emperador del más allá,Romance,128,4,2025,Disney+,Realities,998742
473,474,Destino de Cristal,Romance,99,2,2007,Netflix,Novelas,335470
474,475,Horizonte del Norte,Drama,92,2,1994,Netflix,Series,569662
475,476,Destino Secreto del Pasado,Ciencia Ficción,122,1,2005,HBO Max,Series,132048
476,477,Niño Cercano de Aire,Comedia,172,2,2011,Paramount+,Documentales,264071
477,478,Reino Cercano,Aventura,109,4,2000,Vix+,Realities,794885
478,479,Equipo Eterno,Aventura,119,4,1999,Netflix,Películas,543287
479,480,Bosque Dulce del más allá,Ciencia Ficción,179,1,2011,Prime Video,Series,108564
480,481,Hombre de Aire,Comedia,142,2,2000,Disney+,Documentales,395269
481,482,Universo Amado de Agua,Ciencia Ficción,161,2,2000,Netflix,Realities,461305
482,483,Equipo Olvidado de Agua,Comedia,175,2,2016,HBO Max,Realities,576036
483,484,Juego Prohibido en el Tiempo,Comedia,152,4,2023,Vix+,Documentales,962160
484,485,Reino Milenario,Thriller,93,4,2002,Vix+,Novelas,992146
485,486,Juego Amado,Aventura,172,3,1998,Vix+,Documentales,401859
486,487,Imperio del Horror,Thriller,94,3,2013,Disney+,Realities,43427
487,488,Bosque de la Luna,Ciencia Ficción,163,4,2012,Vix+,Novelas,714428
488,489,Hombre de las Sombras,Ciencia Ficción,161,3,2007,Netflix,Series,727010
489,490,Planeta Invisible,Aventura,117,4,2004,Apple TV+,Películas,74261
490,491,Abismo Milenario de Tierra,Comedia,145,3,1999,Apple TV+,Series,316260
491,492,Horizonte Oscuro,Aventura,154,3,2003,Prime Video,Series,67683
492,493,Juego del Sol,Comedia,127,2,2021,Netflix,Películas,112399
493,494,Detective de Impacto,Thriller,140,2,2021,Paramount+,Documentales,259312
494,495,Enemigo Oscuro,Comedia,119,1,2021,HBO Max,Novelas,421702
495,496,Bosque Milenario,Ciencia Ficción,98,2,2009,Apple TV+,Series,178783
496,497,Abismo Amado del Sol,Acción,158,2,2005,Disney+,Series,932931
497,498,Planeta Amado,Thriller,120,4,2020,Apple TV+,Documentales,780580
498,499,Oeste de la Luz,Acción,160,4,2024,Apple TV+,Novelas,914352
499,500,Juego Invisible del Horror,Ciencia Ficción,140,1,2023,Paramount+,Series,459141
500,501,Horizonte de la Luz,Romance,112,2,2008,HBO Max,Series,451618
501,502,Joven Eterno de la Luz,Drama,133,4,2022,Netflix,Documentales,15003
502,503,Joven Dulce,Drama,110,4,1995,Disney+,Novelas,461978
503,504,Universo Oscuro del Horror,Ciencia Ficción,135,4,1998,Disney+,Películas,113879
504,505,Mago del Amanecer,Thriller,172,1,2019,HBO Max,Películas,457717
505,506,Reino Eterno en el Tiempo,Thriller,94,1,1999,HBO Max,Películas,84870
506,507,Abismo de las Sombras,Ciencia Ficción,130,4,2008,Paramount+,Novelas,41665
507,508,Planeta Dulce,Aventura,101,2,1999,HBO Max,Películas,954340
508,509,Joven Perdido de Aire,Acción,127,3,2013,Netflix,Documentales,708876
509,510,Cuento Prohibido del Futuro,Aventura,132,2,1992,Paramount+,Películas,283787
510,511,Enemigo Lejano,Acción,176,1,2015,Paramount+,Series,729961
511,512,Aliado Milenario,Comedia,134,1,2015,Paramount+,Películas,968042
512,513,Reino del más allá,Ciencia Ficción,99,2,2014,Vix+,Realities,368228
513,514,Cuento Misterioso de Impacto,Aventura,139,1,1994,HBO Max,Películas,968462
514,515,Planeta Eterno,Thriller,119,1,2004,Disney+,Series,545416
515,516,Emperador del Universo,Ciencia Ficción,138,1,2012,Netflix,Series,394545
516,517,Juego Invisible,Acción,177,1,2003,Disney+,Realities,487804
517,518,Universo Cercano de la Luna,Terror,129,1,1998,Prime Video,Películas,433422
518,519,Horizonte Milenario de Cristal,Comedia,116,4,1996,Apple TV+,Documentales,482897
519,520,Niño Prohibido en el Tiempo,Aventura,131,4,1996,Prime Video,Documentales,791694
520,521,Emperador Lejano de Aire,Drama,162,4,1995,Vix+,Realities,300603
521,522,Universo Dulce en el Tiempo,Aventura,108,2,2019,Disney+,Novelas,980144
522,523,Planeta Cercano del Sol,Acción,124,3,2003,Netflix,Documentales,116784
523,524,Universo Eterno de Agua,Thriller,170,4,1993,HBO Max,Documentales,176152
524,525,Planeta Amado,Comedia,118,1,1994,HBO Max,Series,749698
525,526,Hombre Prohibido de Tierra,Acción,171,1,2011,Vix+,Películas,519338
526,527,Oeste Lejano,Aventura,103,3,2007,Prime Video,Documentales,916956
527,528,Portal Oscuro,Aventura,91,2,2021,Paramount+,Realities,203035
528,529,Equipo de Fuego,Terror,149,1,2005,Prime Video,Novelas,68543
529,530,Hombre de Impacto,Thriller,155,4,2008,Prime Video,Series,811101
530,531,Oeste de Cristal,Romance,118,1,2007,Netflix,Películas,690936
531,532,Abismo Amado de Aire,Drama,115,1,1995,Disney+,Documentales,388982
532,533,Oeste Prohibido,Comedia,115,2,2009,Vix+,Novelas,927190
533,534,Equipo Oculto,Thriller,147,4,2016,Apple TV+,Documentales,328434
534,535,Planeta Oscuro,Aventura,140,2,1991,Disney+,Series,582080
535,536,Enemigo Dulce de Tierra,Terror,176,4,1991,Apple TV+,Series,841761
536,537,Equipo del Sol,Ciencia Ficción,129,4,2014,Netflix,Documentales,890662
537,538,Aliado Dulce del Sol,Thriller,123,3,1997,Vix+,Películas,467944
538,539,Tren Dulce,Romance,102,3,1995,Prime Video,Novelas,929737
539,540,Imperio Olvidado,Drama,160,1,2021,Vix+,Documentales,898792
540,541,Equipo del Amanecer,Drama,134,3,2021,Apple TV+,Novelas,319551
541,542,Paraiso Lejano,Terror,133,2,1994,Apple TV+,Realities,538632
542,543,Juego de Aire,Comedia,102,4,2011,Disney+,Realities,75824
543,544,Emperador Protegido,Terror,156,4,2023,Disney+,Películas,86185
544,545,Detective del Sol,Romance,146,4,2003,Apple TV+,Películas,810092
545,546,Emperador Perdido,Acción,150,3,2002,Apple TV+,Películas,703228
546,547,Imperio del Universo,Romance,157,3,2018,HBO Max,Documentales,322768
547,548,Joven del Pasado,Aventura,152,1,2025,Prime Video,Documentales,76152
548,549,Cuento Oscuro de las Sombras,Thriller,102,2,2019,HBO Max,Novelas,809582
549,550,Juego del Norte,Ciencia Ficción,152,3,2004,Vix+,Documentales,83032
550,551,Destino Amado,Acción,97,2,2004,Disney+,Novelas,788120
551,552,Portal de las Sombras,Terror,113,3,1997,Apple TV+,Novelas,400238
552,553,Hombre Amado de Fuego,Romance,95,3,2021,Netflix,Realities,2502
553,554,Aliado Misterioso del más allá,Terror,111,2,2009,Vix+,Series,261490
554,555,Enemigo Invisible,Ciencia Ficción,109,3,2021,Paramount+,Novelas,114259
555,556,Bosque del Futuro,Aventura,129,2,2011,Vix+,Realities,109217
556,557,Detective de la Luna,Comedia,146,1,1997,Vix+,Series,761536
557,558,Planeta de Aire,Terror,118,3,1995,Prime Video,Series,892419
558,559,Planeta Perdido del Norte,Drama,128,3,2010,Disney+,Novelas,18100
559,560,Detective Lejano,Thriller,99,2,1996,Prime Video,Realities,236741
560,561,Paraiso Perdido,Ciencia Ficción,160,3,2011,HBO Max,Películas,103963
561,562,Planeta Invisible,Ciencia Ficción,103,3,1992,Netflix,Documentales,571290
562,563,Mago de Impacto,Terror,161,2,1999,Disney+,Realities,478838
563,564,Planeta de la Luna,Thriller,140,2,2017,Vix+,Series,438979
564,565,Mago Prohibido de las Sombras,Acción,105,1,1991,Disney+,Realities,209777
565,566,Paraiso Milenario,Drama,118,3,1998,Disney+,Películas,363187
566,567,Hombre Protegido,Ciencia Ficción,135,4,2006,Vix+,Documentales,501875
567,568,Buque Oculto de Aire,Ciencia Ficción,138,3,2017,HBO Max,Series,516656
568,569,Niño de Tierra,Romance,120,4,2019,HBO Max,Realities,500707
569,570,Bosque Secreto,Acción,101,4,2000,Vix+,Novelas,96886
570,571,Portal Invisible del Futuro,Terror,116,4,1999,Netflix,Realities,508812
571,572,Buque de la Luna,Aventura,124,3,1995,Paramount+,Realities,806200
572,573,Bosque de la Luz,Romance,145,1,2018,Apple TV+,Documentales,831037
573,574,Paraiso Olvidado en el Tiempo,Romance,95,2,2017,Paramount+,Series,308382
574,575,Mago Invisible,Ciencia Ficción,101,1,1996,Vix+,Realities,362798
575,576,Portal Protegido,Aventura,123,3,2025,Paramount+,Realities,144791
576,577,Joven en el Tiempo,Ciencia Ficción,109,2,2014,Disney+,Novelas,207770
577,578,Imperio Oscuro,Aventura,90,1,2020,Netflix,Documentales,795548
578,579,Aliado de Tierra,Aventura,150,1,2017,Apple TV+,Novelas,336471
579,580,Universo Perdido,Ciencia Ficción,130,3,2013,Apple TV+,Películas,69971
580,581,Planeta de Aire,Romance,144,4,2003,Prime Video,Novelas,6187
581,582,Universo de Agua,Acción,106,4,2006,Paramount+,Novelas,576628
582,583,Bosque Dulce en el Tiempo,Acción,109,1,2025,Apple TV+,Películas,386500
583,584,Equipo del Pasado,Romance,179,4,1993,Disney+,Novelas,119502
584,585,Abismo del Pasado,Thriller,102,1,2009,Vix+,Series,571332
585,586,Oeste Cercano,Terror,175,4,2008,Paramount+,Novelas,162036
586,587,Abismo del Amanecer,Ciencia Ficción,92,3,2011,Paramount+,Series,732068
587,588,Equipo del más allá,Ciencia Ficción,132,2,2019,HBO Max,Películas,71198
588,589,Horizonte Eterno de Impacto,Thriller,168,3,2022,Netflix,Series,215932
589,590,Mago del Sol,Drama,135,3,2021,HBO Max,Películas,242702
590,591,Reino Prohibido del Amanecer,Thriller,169,4,1993,Paramount+,Realities,34215
591,592,Destino de Tierra,Thriller,97,2,2012,Apple TV+,Documentales,757749
592,593,Mago Lejano,Comedia,157,2,2000,Apple TV+,Novelas,937829
593,594,Universo de Tierra,Thriller,165,1,2002,Prime Video,Realities,889808
594,595,Aliado en el Tiempo,Drama,105,1,1991,Apple TV+,Series,76764
595,596,Detective Secreto,Romance,109,4,2002,Netflix,Series,187401
596,597,Equipo Milenario del Futuro,Romance,161,4,2017,Vix+,Series,165808
597,598,Imperio Invisible del Futuro,Drama,137,2,2023,HBO Max,Películas,338614
598,599,Niño Protegido,Drama,93,1,2001,Vix+,Series,619963
599,600,Horizonte Milenario de Fuego,Terror,110,1,2006,Vix+,Novelas,52829
600,601,Destino de la Luz,Terror,142,1,2016,Vix+,Documentales,747864
601,602,Bosque Oculto,Terror,162,4,1998,Netflix,Realities,394690
602,603,Planeta Cercano de la Luna,Thriller,105,2,1991,Disney+,Novelas,614027
603,604,Imperio del Futuro,Terror,150,2,2015,Disney+,Realities,286596
604,605,Universo de Impacto,Aventura,177,4,2000,Paramount+,Documentales,205917
605,606,Destino de Fuego,Aventura,100,3,2019,Apple TV+,Películas,646219
606,607,Imperio de Tierra,Drama,90,2,2003,Paramount+,Realities,211226
607,608,Abismo Secreto del Sol,Terror,150,4,2003,Netflix,Series,584473
608,609,Tren en el Tiempo,Ciencia Ficción,159,1,1999,Prime Video,Realities,127360
609,610,Aliado Prohibido de Cristal,Ciencia Ficción,149,1,2001,Vix+,Novelas,302276
610,611,Cuento Cercano de las Sombras,Terror,135,2,1992,Apple TV+,Documentales,213897
611,612,Planeta del Futuro,Comedia,144,2,1994,Prime Video,Películas,430599
612,613,Joven de Cristal,Terror,163,2,1995,HBO Max,Películas,162846
613,614,Imperio Protegido de la Luz,Acción,112,3,2008,Apple TV+,Series,943524
614,615,Juego del más allá,Drama,165,1,2008,Paramount+,Novelas,150138
615,616,Imperio del Norte,Aventura,99,3,2023,Disney+,Realities,362986
616,617,Paraiso Oscuro del Futuro,Comedia,112,2,1990,HBO Max,Documentales,224833
617,618,Enemigo de Cristal,Acción,159,4,2019,Netflix,Películas,524163
618,619,Bosque Olvidado,Romance,102,1,2024,HBO Max,Series,111624
619,620,Niño del Horror,Ciencia Ficción,113,1,2025,Vix+,Novelas,141381
620,621,Planeta Olvidado,Aventura,124,3,2016,Prime Video,Realities,535213
621,622,Portal de la Luz,Thriller,108,1,2023,HBO Max,Novelas,445018
622,623,Tren Poderoso,Drama,114,1,1999,Disney+,Series,137159
623,624,Joven Eterno,Ciencia Ficción,126,4,1994,Prime Video,Realities,151847
624,625,Paraiso en el Tiempo,Terror,178,2,2009,Disney+,Películas,427049
625,626,Abismo Secreto del más allá,Thriller,167,3,2013,HBO Max,Novelas,304371
626,627,Horizonte Dulce de Impacto,Comedia,127,3,2016,Paramount+,Películas,593830
627,628,Portal de la Luz,Ciencia Ficción,93,3,2008,HBO Max,Series,401811
628,629,Niño Poderoso del Norte,Comedia,179,1,2024,Disney+,Realities,87855
629,630,Abismo Dulce en el Tiempo,Aventura,114,1,2019,Apple TV+,Documentales,126065
630,631,Aliado de Fuego,Comedia,156,3,2004,Netflix,Novelas,195629
631,632,Reino Olvidado,Drama,119,3,2014,Apple TV+,Novelas,211051
632,633,Imperio Invisible,Ciencia Ficción,174,4,1998,Apple TV+,Documentales,945517
633,634,Equipo Oscuro de la Luna,Romance,121,1,2005,Prime Video,Novelas,233151
634,635,Detective Amado de Tierra,Terror,160,1,2001,HBO Max,Series,292741
635,636,Tren Olvidado del más allá,Acción,169,2,1998,Disney+,Realities,139001
636,637,Emperador del más allá,Ciencia Ficción,161,2,2008,Vix+,Novelas,832346
637,638,Hombre del Universo,Romance,176,1,2011,Apple TV+,Películas,742442
638,639,Aliado de Aire,Aventura,146,2,2008,Apple TV+,Películas,484284
639,640,Oeste Protegido de Tierra,Romance,157,3,1997,Vix+,Realities,283081
640,641,Juego Poderoso de Fuego,Drama,94,2,2002,Vix+,Documentales,885370
641,642,Planeta del Sol,Aventura,171,1,2024,Paramount+,Novelas,252866
642,643,Abismo Milenario de Fuego,Romance,116,4,1995,Vix+,Documentales,970538
643,644,Emperador Lejano del más allá,Aventura,106,4,2018,Disney+,Películas,334061
644,645,Mago del Norte,Comedia,131,3,2015,Vix+,Novelas,249480
645,646,Abismo de Agua,Terror,118,1,1996,Disney+,Realities,825711
646,647,Equipo Milenario del Sol,Romance,111,1,2016,Disney+,Novelas,312293
647,648,Hombre Olvidado de la Luna,Comedia,164,1,1998,Prime Video,Series,536777
648,649,Equipo Dulce de Cristal,Acción,115,2,2017,Apple TV+,Realities,413265
649,650,Joven del Horror,Romance,169,1,1995,Vix+,Novelas,705410
650,651,Cuento Protegido del Futuro,Thriller,92,2,2012,Apple TV+,Novelas,635324
651,652,Destino Cercano de Fuego,Romance,95,3,2012,Netflix,Documentales,510638
652,653,Portal de Aire,Thriller,128,1,2010,Paramount+,Películas,41778
653,654,Tren Oscuro,Ciencia Ficción,162,4,1992,Apple TV+,Películas,858790
654,655,Niño Perdido,Terror,168,1,2016,Apple TV+,Películas,349294
655,656,Joven de las Sombras,Comedia,130,3,2006,Apple TV+,Series,60984
656,657,Bosque Milenario de Agua,Acción,174,1,2014,Vix+,Documentales,377413
657,658,Equipo de Impacto,Aventura,145,4,1996,Netflix,Novelas,121152
658,659,Abismo del más allá,Aventura,166,2,1998,Apple TV+,Novelas,578058
659,660,Paraiso Cercano,Acción,165,4,1993,Netflix,Novelas,266856
660,661,Abismo de las Sombras,Comedia,144,1,2018,Apple TV+,Novelas,363110
661,662,Niño Cercano de la Luna,Terror,136,3,2014,Disney+,Novelas,969047
662,663,Emperador Protegido,Thriller,118,4,2011,Vix+,Realities,998144
663,664,Hombre Misterioso,Acción,139,1,2021,Disney+,Realities,391555
664,665,Bosque Eterno,Acción,135,3,1995,Prime Video,Series,365623
665,666,Niño del Sol,Comedia,128,4,2014,HBO Max,Series,864359
666,667,Buque Olvidado del más allá,Acción,133,1,2019,Apple TV+,Películas,286187
667,668,Paraiso de las Sombras,Thriller,94,1,2000,Vix+,Realities,353423
668,669,Destino Poderoso,Romance,117,2,2012,Disney+,Novelas,907905
669,670,Destino del Pasado,Acción,130,3,2006,HBO Max,Realities,568874
670,671,Detective Cercano de Aire,Romance,171,2,2011,Prime Video,Películas,995426
671,672,Cuento Milenario,Terror,108,3,2006,Paramount+,Documentales,129672
672,673,Emperador Amado de Cristal,Aventura,99,2,2021,Apple TV+,Documentales,908032
673,674,Portal Perdido de la Luna,Terror,124,1,2019,Disney+,Documentales,893824
674,675,Cuento del Pasado,Aventura,129,2,2001,HBO Max,Series,134471
675,676,Universo Eterno de las Sombras,Aventura,120,3,1996,Prime Video,Películas,549038
676,677,Destino en el Tiempo,Thriller,121,1,2014,Netflix,Series,421252
677,678,Joven de Impacto,Ciencia Ficción,115,2,2019,Paramount+,Realities,47328
678,679,Niño de Tierra,Acción,110,2,2014,HBO Max,Series,6507
679,680,Mago de Tierra,Acción,120,2,1996,Paramount+,Documentales,445759
680,681,Equipo Poderoso,Comedia,140,1,2016,Vix+,Documentales,280729
681,682,Juego Milenario,Aventura,146,4,2001,Vix+,Novelas,11516
682,683,Cuento del Horror,Terror,114,2,2020,Netflix,Películas,358793
683,684,Abismo Protegido,Acción,154,1,1990,Vix+,Películas,234543
684,685,Reino de Tierra,Romance,118,3,2018,Disney+,Películas,326410
685,686,Destino Lejano de Agua,Terror,161,1,2010,Prime Video,Realities,780704
686,687,Emperador de Fuego,Drama,165,1,2013,Disney+,Películas,432700
687,688,Portal Dulce de la Luz,Comedia,172,4,2007,Paramount+,Series,515690
688,689,Joven Milenario,Romance,122,4,1999,Disney+,Series,402836
689,690,Equipo Amado del Norte,Drama,102,4,2008,HBO Max,Series,209279
690,691,Emperador de Aire,Aventura,157,2,1990,Prime Video,Documentales,924395
691,692,Cuento de la Luna,Aventura,96,3,2025,HBO Max,Novelas,950728
692,693,Mago de Aire,Aventura,131,4,2006,Prime Video,Documentales,885690
693,694,Juego de Tierra,Thriller,151,1,2023,Netflix,Documentales,739327
694,695,Abismo de Tierra,Acción,103,2,2010,Disney+,Series,523327
695,696,Universo del Norte,Acción,130,4,2021,Apple TV+,Realities,918873
696,697,Emperador Oscuro del Norte,Ciencia Ficción,144,1,2009,Prime Video,Realities,228597
697,698,Oeste del Horror,Drama,134,3,2013,Apple TV+,Series,389182
698,699,Detective Misterioso de la Luz,Acción,128,2,2022,Disney+,Películas,454559
699,700,Joven Secreto,Acción,143,1,1999,Apple TV+,Realities,849155
700,701,Enemigo Cercano del más allá,Romance,133,4,1993,Prime Video,Documentales,386288
701,702,Bosque Dulce,Comedia,169,1,2008,Disney+,Series,813176
702,703,Paraiso de la Luna,Comedia,140,3,2001,Prime Video,Películas,600833
703,704,Mago Amado del más allá,Aventura,136,3,1998,Paramount+,Series,376466
704,705,Enemigo Dulce,Romance,160,2,2010,Disney+,Documentales,197746
705,706,Tren Oscuro de Cristal,Terror,171,2,2021,Prime Video,Películas,611943
706,707,Detective Oscuro del Norte,Terror,176,1,1997,Paramount+,Realities,998653
707,708,Bosque Eterno de Tierra,Acción,175,1,2023,Prime Video,Películas,372427
708,709,Aliado del Futuro,Romance,100,3,2011,Apple TV+,Novelas,904624
709,710,Mago Oculto,Romance,157,1,2023,HBO Max,Realities,122151
710,711,Hombre Secreto en el Tiempo,Romance,176,1,2019,Apple TV+,Realities,2772
711,712,Juego Oculto,Comedia,99,1,2023,Prime Video,Series,449516
712,713,Oeste Lejano de Impacto,Aventura,161,4,2012,Prime Video,Series,477478
713,714,Universo Milenario,Drama,141,3,2004,HBO Max,Series,636818
714,715,Emperador de la Luz,Comedia,125,1,2022,Disney+,Series,374115
715,716,Horizonte Protegido,Acción,136,2,2013,Disney+,Novelas,610141
716,717,Bosque Milenario,Comedia,109,2,2021,Disney+,Novelas,380535
717,718,Horizonte Lejano del Amanecer,Acción,156,4,1998,Vix+,Series,888431
718,719,Horizonte Amado,Terror,105,4,2002,Apple TV+,Realities,719404
719,720,Enemigo de Aire,Ciencia Ficción,125,3,1999,Apple TV+,Novelas,248188
720,721,Hombre Protegido de Fuego,Terror,139,2,2006,Apple TV+,Películas,279313
721,722,Detective Perdido,Drama,131,4,2009,HBO Max,Series,698898
722,723,Emperador Poderoso,Comedia,149,3,2007,Paramount+,Series,685227
723,724,Portal Misterioso,Acción,159,2,2020,Netflix,Novelas,48035
724,725,Hombre Prohibido de la Luna,Acción,174,2,1996,Paramount+,Novelas,945688
725,726,Universo Invisible,Drama,178,1,2020,HBO Max,Películas,428514
726,727,Detective Perdido de la Luna,Drama,124,4,2010,Disney+,Películas,183004
727,728,Universo Eterno,Ciencia Ficción,98,1,2023,Prime Video,Novelas,894075
728,729,Paraiso de Aire,Aventura,112,1,2012,Prime Video,Novelas,261446
729,730,Enemigo Perdido,Ciencia Ficción,143,3,1995,Prime Video,Realities,227007
730,731,Niño de la Luz,Drama,147,3,2003,Disney+,Documentales,926928
731,732,Tren de Cristal,Comedia,134,1,2007,Netflix,Novelas,45637
732,733,Abismo del más allá,Ciencia Ficción,104,2,1991,Apple TV+,Películas,25653
733,734,Juego Prohibido,Comedia,92,1,1995,Netflix,Realities,997549
734,735,Juego de Fuego,Terror,150,1,2017,Disney+,Películas,982106
735,736,Emperador de Cristal,Acción,92,1,2018,Prime Video,Series,286189
736,737,Tren Dulce del Sol,Drama,100,1,2016,Apple TV+,Realities,68288
737,738,Planeta Eterno,Comedia,176,3,2013,Paramount+,Novelas,478463
738,739,Buque de Agua,Comedia,119,2,1994,HBO Max,Novelas,519745
739,740,Cuento Secreto de Fuego,Acción,91,1,1993,Vix+,Novelas,983580
740,741,Detective Misterioso,Thriller,102,1,1995,Prime Video,Películas,20087
741,742,Enemigo Protegido de Impacto,Comedia,151,2,1995,Disney+,Documentales,2957
742,743,Portal del Sol,Comedia,167,2,1997,Prime Video,Novelas,172431
743,744,Cuento Protegido de Aire,Aventura,108,2,2006,Apple TV+,Series,150798
744,745,Emperador Protegido,Acción,169,3,2020,Disney+,Documentales,870683
745,746,Juego Poderoso,Romance,161,4,2004,Apple TV+,Películas,945480
746,747,Hombre de la Luna,Thriller,151,3,2018,Paramount+,Series,768266
747,748,Reino del Sol,Ciencia Ficción,122,1,2000,HBO Max,Series,508254
748,749,Detective Oculto,Drama,104,1,1996,Netflix,Documentales,552561
749,750,Bosque Perdido del Universo,Romance,99,2,2012,Netflix,Realities,722889
750,751,Horizonte del Pasado,Ciencia Ficción,95,1,2007,Vix+,Películas,92524
751,752,Mago Cercano,Terror,107,4,2015,HBO Max,Documentales,250770
752,753,Abismo Olvidado,Acción,154,3,2017,Vix+,Novelas,35276
753,754,Mago Poderoso,Thriller,109,1,2009,Apple TV+,Películas,425661
754,755,Tren Prohibido del Horror,Comedia,133,2,2023,Paramount+,Documentales,167878
755,756,Emperador Lejano del más allá,Drama,124,4,2001,Disney+,Novelas,821108
756,757,Buque del Futuro,Drama,130,4,2013,Netflix,Realities,317600
757,758,Paraiso en el Tiempo,Aventura,107,2,1991,HBO Max,Series,145592
758,759,Equipo Oculto,Ciencia Ficción,173,3,1996,Vix+,Películas,92913
759,760,Reino de Aire,Drama,98,1,2008,Paramount+,Películas,806201
760,761,Buque Misterioso del Sol,Comedia,91,2,2023,Apple TV+,Novelas,537778
761,762,Bosque Lejano de Agua,Romance,132,2,1997,Paramount+,Series,84589
762,763,Cuento de Cristal,Terror,109,3,2006,Apple TV+,Realities,990549
763,764,Emperador Amado,Thriller,131,1,1996,Paramount+,Realities,560587
764,765,Equipo Oscuro del Pasado,Thriller,117,3,1997,HBO Max,Realities,67835
765,766,Cuento del Amanecer,Drama,171,4,2011,Prime Video,Documentales,464301
766,767,Cuento del más allá,Aventura,146,2,2007,Paramount+,Novelas,621513
767,768,Paraiso Milenario del Futuro,Thriller,178,2,2024,Netflix,Documentales,771444
768,769,Portal Oscuro,Comedia,142,1,1995,HBO Max,Documentales,853075
769,770,Juego Protegido,Terror,171,3,2019,Prime Video,Realities,250683
770,771,Detective Cercano del Horror,Drama,143,1,2017,Netflix,Realities,613746
771,772,Mago Cercano,Aventura,97,2,2013,Paramount+,Documentales,497371
772,773,Abismo Prohibido,Romance,175,1,2011,Disney+,Novelas,786435
773,774,Joven Cercano,Comedia,92,1,1997,HBO Max,Novelas,387736
774,775,Buque Cercano,Terror,108,4,2025,HBO Max,Películas,444065
775,776,Universo Invisible de las Sombras,Acción,96,3,1999,Vix+,Series,858235
776,777,Reino Oculto del Futuro,Acción,127,3,2000,Vix+,Documentales,570288
777,778,Detective en el Tiempo,Aventura,139,1,2007,Paramount+,Realities,435621
778,779,Juego de Fuego,Acción,124,1,1998,Vix+,Series,155123
779,780,Horizonte Eterno,Thriller,104,2,2007,HBO Max,Documentales,26682
780,781,Oeste Invisible,Comedia,141,2,2017,Apple TV+,Novelas,766885
781,782,Equipo Oculto,Ciencia Ficción,130,4,2011,HBO Max,Realities,375871
782,783,Universo del Amanecer,Comedia,90,1,1991,Netflix,Series,483579
783,784,Destino Oculto de Agua,Terror,179,3,1997,Prime Video,Novelas,461797
784,785,Emperador Milenario de Agua,Acción,173,1,1999,Vix+,Películas,165870
785,786,Tren de Cristal,Terror,157,4,2025,HBO Max,Documentales,9802
786,787,Portal del Norte,Acción,162,4,1996,HBO Max,Novelas,732400
787,788,Emperador del Pasado,Comedia,120,3,1991,Paramount+,Documentales,545217
788,789,Horizonte Oculto,Aventura,145,1,1990,Paramount+,Series,335000
789,790,Bosque del Sol,Acción,94,4,1998,Paramount+,Realities,86847
790,791,Portal Dulce de la Luna,Comedia,110,2,1990,Paramount+,Documentales,198323
791,792,Emperador Protegido del más allá,Aventura,141,3,1994,Apple TV+,Series,708624
792,793,Joven Poderoso,Aventura,141,1,2025,Prime Video,Películas,972902
793,794,Planeta Olvidado del Futuro,Romance,109,1,2007,Apple TV+,Documentales,664690
794,795,Oeste del Horror,Terror,152,4,2024,Paramount+,Series,294137
795,796,Aliado Dulce,Acción,94,1,2016,HBO Max,Documentales,290782
796,797,Portal Invisible en el Tiempo,Acción,157,4,2025,Netflix,Realities,973162
797,798,Equipo Amado,Ciencia Ficción,117,4,2014,HBO Max,Realities,929303
798,799,Equipo de Aire,Acción,167,1,2002,HBO Max,Películas,904966
799,800,Joven Milenario de las Sombras,Drama,162,4,2014,Prime Video,Novelas,459939
800,801,Destino Lejano del Universo,Terror,129,4,1991,Paramount+,Novelas,276347
801,802,Aliado de la Luz,Thriller,166,3,1999,Disney+,Películas,202365
802,803,Bosque del Futuro,Thriller,117,1,1994,Apple TV+,Novelas,803815
803,804,Destino Milenario de Aire,Comedia,154,4,1996,HBO Max,Novelas,850591
804,805,Paraiso Invisible,Aventura,95,2,2005,Vix+,Películas,882145
805,806,Tren del Futuro,Ciencia Ficción,100,3,2020,Netflix,Series,523436
806,807,Bosque del Horror,Acción,172,2,1992,Apple TV+,Series,481192
807,808,Bosque de Aire,Terror,127,2,2012,Apple TV+,Películas,696785
808,809,Destino Poderoso de Cristal,Romance,123,1,2013,HBO Max,Películas,189147
809,810,Mago de Agua,Acción,159,1,1992,HBO Max,Realities,5757
810,811,Cuento Protegido del Universo,Thriller,159,2,2024,HBO Max,Películas,774995
811,812,Emperador Amado del Universo,Terror,116,2,2000,Paramount+,Series,531196
812,813,Juego Perdido del Norte,Acción,130,1,2019,Netflix,Series,654727
813,814,Emperador Secreto de las Sombras,Acción,162,1,2014,Netflix,Realities,199506
814,815,Joven Eterno de la Luz,Acción,133,4,2014,Netflix,Series,219218
815,816,Reino Amado,Drama,90,4,2021,Prime Video,Novelas,21756
816,817,Reino Cercano,Terror,134,2,1995,Disney+,Películas,383809
817,818,Reino del Amanecer,Thriller,105,2,2011,Apple TV+,Novelas,427865
818,819,Hombre Protegido del Horror,Terror,157,1,2003,Disney+,Novelas,409008
819,820,Portal de Tierra,Thriller,173,4,2020,Apple TV+,Películas,52890
820,821,Hombre del Amanecer,Acción,151,4,2004,Apple TV+,Películas,757392
821,822,Paraiso Milenario,Ciencia Ficción,167,1,2017,Prime Video,Series,672564
822,823,Joven Poderoso,Terror,157,1,1992,Prime Video,Series,417545
823,824,Imperio del Futuro,Ciencia Ficción,145,2,2008,Netflix,Documentales,741646
824,825,Emperador Secreto,Ciencia Ficción,136,3,2011,HBO Max,Realities,165321
825,826,Buque Cercano,Terror,178,3,1999,Disney+,Documentales,127946
826,827,Paraiso de la Luna,Romance,123,3,2024,Apple TV+,Novelas,811556
827,828,Horizonte Perdido,Romance,110,2,2015,Netflix,Películas,283079
828,829,Planeta Lejano,Thriller,134,3,2011,Disney+,Novelas,790369
829,830,Juego Dulce,Romance,173,4,2004,Vix+,Novelas,177442
830,831,Universo de las Sombras,Comedia,121,1,2007,Apple TV+,Realities,621891
831,832,Oeste Amado del Pasado,Thriller,116,3,2015,Prime Video,Series,270915
832,833,Cuento Amado,Thriller,169,2,2012,Disney+,Películas,805687
833,834,Juego de la Luna,Comedia,113,1,2020,Netflix,Novelas,453534
834,835,Abismo del más allá,Ciencia Ficción,150,1,1991,Prime Video,Películas,211440
835,836,Universo Perdido,Thriller,137,1,1995,Prime Video,Realities,378383
836,837,Planeta Invisible de Aire,Ciencia Ficción,108,2,2024,Prime Video,Documentales,490002
837,838,Reino de las Sombras,Aventura,144,4,2015,HBO Max,Novelas,63029
838,839,Mago Eterno del más allá,Thriller,136,3,2012,Netflix,Películas,899514
839,840,Equipo de Tierra,Romance,130,2,1994,HBO Max,Realities,882482
840,841,Portal Oscuro,Acción,143,2,2007,Paramount+,Películas,671695
841,842,Imperio de Fuego,Comedia,95,4,2003,Netflix,Novelas,805892
842,843,Planeta Poderoso de Tierra,Thriller,120,1,2002,Apple TV+,Documentales,709189
843,844,Abismo de Agua,Thriller,103,4,1994,Prime Video,Películas,29798
844,845,Planeta Dulce,Romance,115,3,1991,Disney+,Documentales,368656
845,846,Equipo Prohibido,Drama,131,1,2005,Netflix,Películas,460874
846,847,Horizonte de Aire,Terror,136,2,2020,Apple TV+,Novelas,269510
847,848,Equipo Misterioso,Romance,162,2,2002,HBO Max,Documentales,86250
848,849,Imperio Lejano de Agua,Thriller,163,2,2015,Apple TV+,Documentales,393434
849,850,Buque Olvidado,Thriller,103,2,1998,HBO Max,Documentales,578812
850,851,Planeta Secreto en el Tiempo,Terror,117,2,2002,Netflix,Novelas,623421
851,852,Imperio Prohibido,Aventura,100,3,1990,Netflix,Películas,634036
852,853,Enemigo Eterno,Thriller,132,3,2025,Vix+,Series,819484
853,854,Hombre de las Sombras,Drama,155,1,1993,Prime Video,Realities,385944
854,855,Horizonte Eterno,Comedia,138,4,2005,Netflix,Documentales,464763
855,856,Imperio Poderoso de la Luz,Ciencia Ficción,118,2,1990,Netflix,Realities,668453
856,857,Joven Perdido,Thriller,104,3,2018,HBO Max,Películas,533156
857,858,Enemigo Secreto,Thriller,104,3,2020,Netflix,Películas,253807
858,859,Juego de la Luz,Terror,154,3,1993,Netflix,Documentales,698563
859,860,Planeta Misterioso de Agua,Romance,158,2,1991,HBO Max,Realities,583374
860,861,Tren Protegido,Aventura,174,3,1995,Netflix,Documentales,537008
861,862,Horizonte del Universo,Acción,148,3,2020,HBO Max,Series,881000
862,863,Equipo de Tierra,Drama,149,2,2022,Vix+,Realities,433206
863,864,Reino de las Sombras,Comedia,105,1,2008,Netflix,Novelas,259595
864,865,Horizonte Dulce,Acción,155,1,2009,Apple TV+,Series,880016
865,866,Cuento Eterno del Pasado,Acción,123,3,2012,Vix+,Series,422382
866,867,Planeta Perdido,Drama,93,2,1992,Vix+,Películas,957070
867,868,Hombre Protegido,Ciencia Ficción,135,3,1999,HBO Max,Documentales,487511
868,869,Hombre en el Tiempo,Terror,124,3,1993,Prime Video,Realities,359168
869,870,Portal Invisible,Romance,96,4,2022,Apple TV+,Novelas,515759
870,871,Imperio Amado,Thriller,121,3,2025,Paramount+,Novelas,88310
871,872,Tren del Amanecer,Terror,93,1,2021,Apple TV+,Realities,306673
872,873,Emperador Oscuro,Terror,94,3,2002,HBO Max,Series,118217
873,874,Imperio de la Luna,Thriller,154,3,2008,Paramount+,Novelas,333383
874,875,Bosque de Cristal,Comedia,120,2,2009,Netflix,Documentales,672734
875,876,Enemigo en el Tiempo,Drama,159,3,2012,Vix+,Películas,948659
876,877,Buque Milenario de Aire,Aventura,152,1,2006,Apple TV+,Series,221622
877,878,Juego Protegido del Norte,Aventura,134,4,2024,Netflix,Novelas,865485
878,879,Universo Invisible,Comedia,136,3,2016,Apple TV+,Películas,278414
879,880,Juego Olvidado de las Sombras,Terror,100,3,2002,Apple TV+,Realities,793075
880,881,Joven Invisible del Norte,Ciencia Ficción,98,4,1991,HBO Max,Películas,274768
881,882,Hombre Perdido del Pasado,Terror,165,3,1990,Apple TV+,Novelas,725387
882,883,Niño Milenario del Horror,Ciencia Ficción,177,3,2020,Prime Video,Documentales,509409
883,884,Imperio Secreto,Thriller,152,1,2002,Apple TV+,Series,337874
884,885,Imperio Cercano,Acción,140,2,2008,HBO Max,Series,481777
885,886,Mago Invisible de la Luna,Romance,154,3,2006,HBO Max,Documentales,152292
886,887,Cuento de Impacto,Aventura,153,4,2021,HBO Max,Novelas,575354
887,888,Portal Oculto,Drama,120,3,2007,Vix+,Películas,719331
888,889,Oeste del Sol,Comedia,145,1,2019,Apple TV+,Series,687551
889,890,Emperador de Agua,Drama,156,3,2012,Paramount+,Novelas,414056
890,891,Horizonte Dulce,Aventura,105,1,2003,HBO Max,Películas,310866
891,892,Juego del Amanecer,Thriller,171,3,2016,Disney+,Realities,727883
892,893,Destino Protegido,Acción,161,3,2005,Prime Video,Películas,2213
893,894,Bosque Lejano del Sol,Comedia,95,2,2025,Apple TV+,Películas,210221
894,895,Hombre Perdido,Terror,172,4,2018,Disney+,Películas,901473
895,896,Joven del Futuro,Ciencia Ficción,137,1,2001,Vix+,Series,995251
896,897,Aliado Protegido de Aire,Aventura,135,1,1991,Disney+,Realities,529571
897,898,Emperador Lejano,Romance,127,2,2021,HBO Max,Novelas,123815
898,899,Horizonte Cercano,Thriller,161,3,2016,Netflix,Documentales,223064
899,900,Detective Lejano de la Luna,Aventura,90,4,2011,Prime Video,Novelas,303486
900,901,Joven en el Tiempo,Aventura,100,1,2009,Apple TV+,Documentales,742044
901,902,Abismo Dulce,Romance,100,4,2010,Disney+,Series,367134
902,903,Joven de Aire,Terror,176,4,1998,Netflix,Realities,810115
903,904,Aliado de Fuego,Romance,146,4,2014,Prime Video,Películas,600909
904,905,Universo Milenario,Ciencia Ficción,126,2,2002,Apple TV+,Series,496697
905,906,Cuento Lejano del Horror,Ciencia Ficción,138,2,2005,Vix+,Series,678344
906,907,Mago Secreto,Ciencia Ficción,178,3,2001,Netflix,Realities,605867
907,908,Buque Protegido,Romance,143,1,1991,Paramount+,Novelas,704746
908,909,Emperador Perdido de las Sombras,Comedia,151,3,2003,Netflix,Documentales,195297
909,910,Buque Olvidado del Pasado,Romance,121,4,1997,Disney+,Documentales,677725
910,911,Tren del Norte,Aventura,117,4,2001,HBO Max,Series,95050
911,912,Portal Eterno del Pasado,Aventura,177,3,2006,Netflix,Realities,695651
912,913,Portal Poderoso,Ciencia Ficción,147,3,1999,Disney+,Novelas,726107
913,914,Imperio Eterno,Romance,176,4,2004,Vix+,Realities,735424
914,915,Aliado de la Luz,Drama,94,2,2003,Apple TV+,Series,461817
915,916,Mago del Horror,Ciencia Ficción,161,1,2012,Vix+,Documentales,501774
916,917,Juego Lejano,Acción,93,1,2009,Prime Video,Realities,464519
917,918,Paraiso Perdido,Comedia,173,2,1991,Netflix,Realities,967715
918,919,Detective de Agua,Acción,149,1,2022,Disney+,Realities,969302
919,920,Enemigo Secreto del Horror,Comedia,96,1,2010,Disney+,Series,544406
920,921,Oeste Prohibido del Sol,Terror,170,2,2004,Netflix,Documentales,502705
921,922,Juego Poderoso del Futuro,Drama,106,4,1998,Netflix,Novelas,124488
922,923,Imperio Misterioso en el Tiempo,Terror,175,1,2017,Apple TV+,Series,511218
923,924,Detective Dulce,Comedia,114,4,2003,Paramount+,Novelas,826094
924,925,Imperio Oculto,Aventura,94,1,2017,Disney+,Novelas,413675
925,926,Horizonte en el Tiempo,Terror,179,1,1998,Apple TV+,Novelas,208079
926,927,Detective del Futuro,Ciencia Ficción,168,4,2005,HBO Max,Novelas,60925
927,928,Aliado del Futuro,Romance,127,1,2000,Paramount+,Películas,164938
928,929,Enemigo Protegido del Pasado,Ciencia Ficción,134,1,2017,HBO Max,Novelas,754652
929,930,Emperador Oculto de Agua,Terror,173,1,1991,Apple TV+,Realities,572671
930,931,Buque del Norte,Ciencia Ficción,168,1,2023,Prime Video,Realities,235784
931,932,Buque Eterno de Impacto,Acción,139,1,2013,Disney+,Películas,309044
932,933,Buque Eterno,Aventura,141,4,2017,Prime Video,Novelas,379040
933,934,Juego Olvidado del Universo,Romance,141,4,1998,Paramount+,Series,615254
934,935,Hombre Olvidado,Terror,138,2,2021,Netflix,Series,652571
935,936,Enemigo Dulce del Universo,Ciencia Ficción,159,4,2020,HBO Max,Documentales,248216
936,937,Buque Prohibido,Ciencia Ficción,170,4,2006,Paramount+,Novelas,957522
937,938,Juego Cercano de Fuego,Terror,173,2,2019,Apple TV+,Series,665399
938,939,Tren del Futuro,Ciencia Ficción,107,1,2024,Netflix,Documentales,403660
939,940,Horizonte Amado,Romance,117,2,2016,Disney+,Novelas,378526
940,941,Enemigo Misterioso del Horror,Ciencia Ficción,103,1,2012,HBO Max,Películas,306630
941,942,Abismo del Sol,Acción,132,2,1998,Paramount+,Documentales,975740
942,943,Enemigo Secreto,Terror,120,2,2003,Netflix,Novelas,937980
943,944,Hombre Lejano en el Tiempo,Terror,113,4,1999,Paramount+,Realities,185714
944,945,Reino de Tierra,Aventura,119,2,1999,Paramount+,Películas,333687
945,946,Tren Milenario,Romance,106,3,2005,Apple TV+,Documentales,131270
946,947,Planeta Protegido de las Sombras,Aventura,150,3,1992,Netflix,Series,546797
947,948,Aliado Secreto,Acción,105,2,2018,Vix+,Series,509191
948,949,Cuento Secreto,Comedia,98,2,2009,Vix+,Series,666281
949,950,Aliado de la Luz,Acción,92,2,2016,HBO Max,Novelas,351324
950,951,Reino Poderoso del Pasado,Comedia,166,2,2008,Netflix,Documentales,118613
951,952,Hombre Misterioso del Amanecer,Acción,147,3,2017,Netflix,Realities,567254
952,953,Horizonte de la Luna,Comedia,119,1,2008,Disney+,Documentales,61784
953,954,Oeste Poderoso,Romance,137,3,2008,Disney+,Documentales,812371
954,955,Destino del Norte,Thriller,172,4,2016,HBO Max,Películas,560482
955,956,Juego Invisible del más allá,Comedia,148,3,2021,Apple TV+,Series,585074
956,957,Hombre de Agua,Acción,135,1,1993,HBO Max,Películas,179210
957,958,Emperador Secreto de Tierra,Thriller,138,3,1991,Paramount+,Series,738584
958,959,Bosque Dulce,Comedia,105,3,2019,Disney+,Series,568358
959,960,Cuento de Impacto,Acción,120,2,2016,Netflix,Realities,388478
960,961,Mago de la Luz,Drama,138,1,2022,Apple TV+,Realities,827754
961,962,Equipo de Cristal,Aventura,146,3,2022,Vix+,Documentales,761734
962,963,Enemigo de Tierra,Drama,93,3,1995,Disney+,Series,97227
963,964,Bosque Perdido del más allá,Romance,165,3,2024,Netflix,Documentales,815455
964,965,Emperador Milenario del Universo,Ciencia Ficción,160,1,2006,HBO Max,Realities,904832
965,966,Planeta Oscuro del Amanecer,Ciencia Ficción,108,1,2012,HBO Max,Realities,954252
966,967,Buque Perdido,Acción,91,2,2000,Vix+,Series,532531
967,968,Aliado Olvidado de Agua,Terror,135,3,2010,Netflix,Películas,290449
968,969,Aliado en el Tiempo,Drama,162,1,2014,Apple TV+,Documentales,58124
969,970,Aliado de Fuego,Drama,146,4,2002,Prime Video,Novelas,254640
970,971,Horizonte Amado,Terror,129,2,2023,Vix+,Películas,136737
971,972,Abismo del Sol,Comedia,123,1,1999,Vix+,Series,135665
972,973,Juego Invisible del Norte,Aventura,166,1,2009,Apple TV+,Series,28627
973,974,Abismo del Pasado,Drama,128,2,1999,HBO Max,Novelas,298477
974,975,Planeta del Amanecer,Aventura,132,2,1996,Vix+,Novelas,23641
975,976,Enemigo Milenario,Acción,107,1,1996,Disney+,Documentales,112865
976,977,Juego Milenario,Aventura,164,2,1999,Netflix,Novelas,85199
977,978,Tren Protegido de Agua,Drama,155,4,1997,Paramount+,Películas,614215
978,979,Cuento Invisible,Aventura,93,3,2017,Disney+,Películas,831053
979,980,Tren Eterno de Impacto,Thriller,133,1,2002,Disney+,Series,255576
980,981,Equipo Amado del Sol,Romance,164,3,1994,Vix+,Novelas,536257
981,982,Paraiso Protegido,Acción,114,2,2023,Netflix,Documentales,906254
982,983,Universo Amado de la Luna,Romance,109,3,2015,Apple TV+,Realities,844291
983,984,Paraiso Eterno en el Tiempo,Comedia,128,1,2009,Vix+,Documentales,897176
984,985,Universo Misterioso,Drama,120,1,1997,Vix+,Documentales,726929
985,986,Universo Milenario de la Luna,Acción,141,3,2020,Disney+,Documentales,684143
986,987,Bosque Protegido en el Tiempo,Romance,99,3,2015,Paramount+,Series,642163
987,988,Equipo de la Luna,Acción,126,2,2010,Paramount+,Realities,640527
988,989,Buque Olvidado del Amanecer,Drama,154,1,2013,Prime Video,Novelas,127040
989,990,Oeste Dulce del Norte,Acción,163,3,1994,Prime Video,Series,922406
990,991,Equipo Eterno,Romance,179,3,2003,Vix+,Novelas,868921
991,992,Joven Eterno,Thriller,123,1,2006,HBO Max,Películas,82755
992,993,Aliado Amado,Aventura,174,1,2019,Disney+,Documentales,208591
993,994,Detective Misterioso,Terror,155,1,2025,Apple TV+,Series,307713
994,995,Universo del Sol,Terror,151,1,2012,Paramount+,Documentales,22317
995,996,Buque Oculto de Tierra,Acción,129,1,2025,Apple TV+,Documentales,410138
996,997,Detective Lejano,Romance,95,2,2023,Netflix,Documentales,346939
997,998,Buque Prohibido,Comedia,153,1,1998,Paramount+,Series,171431
998,999,Emperador Poderoso,Acción,170,3,1994,Vix+,Novelas,810937
999,1000,Enemigo Amado,Drama,117,4,2012,Apple TV+,Documentales,693411
